timestamp,phase,inbound_pps,cpu_system_pct,tcp_total,tcp_syn_recv,response_time_sec,ddos_threat_score
2026-04-29 20:10:00+00,baseline,,,,0,,
2026-04-29 20:10:01+00,baseline,,,,,,
2026-04-29 20:10:02+00,baseline,,,8,,0.025426,
2026-04-29 20:10:03+00,baseline,18,,,,,
2026-04-29 20:10:04+00,baseline,,,,,,
2026-04-29 20:10:05+00,baseline,,2.600754,,0,,0.2061618
2026-04-29 20:10:06+00,baseline,,,,,,
2026-04-29 20:10:07+00,baseline,,,7,,,
2026-04-29 20:10:08+00,baseline,16,,,,,
2026-04-29 20:10:09+00,baseline,,,,,,
2026-04-29 20:10:10+00,baseline,,,,0,,
2026-04-29 20:10:11+00,baseline,,,,,0.021391,
2026-04-29 20:10:12+00,baseline,,,7,,,
2026-04-29 20:10:13+00,baseline,17,,,,,
2026-04-29 20:10:14+00,baseline,,,,,,
2026-04-29 20:10:15+00,baseline,,2.528645,,0,,0.2046548
2026-04-29 20:10:16+00,baseline,,,,,,
2026-04-29 20:10:17+00,baseline,,,6,,,
2026-04-29 20:10:18+00,baseline,16,,,,,
2026-04-29 20:10:19+00,baseline,,,,,,
2026-04-29 20:10:20+00,baseline,,,,0,,
2026-04-29 20:10:21+00,baseline,,,,,0.00427,
2026-04-29 20:10:22+00,baseline,,,7,,,
2026-04-29 20:10:23+00,baseline,18,,,,,
2026-04-29 20:10:24+00,baseline,,,,,,
2026-04-29 20:10:25+00,baseline,,2.464997,,0,,0.2019306
2026-04-29 20:10:26+00,baseline,,,,,,
2026-04-29 20:10:27+00,baseline,,,6,,,
2026-04-29 20:10:28+00,baseline,20,,,,,
2026-04-29 20:10:29+00,baseline,,,,,,
2026-04-29 20:10:30+00,baseline,,,,0,,
2026-04-29 20:10:31+00,baseline,,,,,0.023528,
2026-04-29 20:10:32+00,baseline,,,7,,,
2026-04-29 20:10:33+00,baseline,22,,,,,
2026-04-29 20:10:34+00,baseline,,,,,,
2026-04-29 20:10:35+00,baseline,,2.342981,,0,,0.2085822
2026-04-29 20:10:36+00,baseline,,,,,,
2026-04-29 20:10:37+00,baseline,,,6,,,
2026-04-29 20:10:38+00,baseline,17,,,,,
2026-04-29 20:10:39+00,baseline,,,,,,
2026-04-29 20:10:40+00,baseline,,,,0,,
2026-04-29 20:10:41+00,baseline,,,,,0.029375,
2026-04-29 20:10:42+00,baseline,,,7,,,
2026-04-29 20:10:43+00,baseline,19,,,,,
2026-04-29 20:10:44+00,baseline,,,,,,
2026-04-29 20:10:45+00,baseline,,2.330174,,0,,0.16897969999999998
2026-04-29 20:10:46+00,baseline,,,,,,
2026-04-29 20:10:47+00,baseline,,,6,,,
2026-04-29 20:10:48+00,baseline,19,,,,,
2026-04-29 20:10:49+00,baseline,,,,,,
2026-04-29 20:10:50+00,baseline,,,,0,,
2026-04-29 20:10:51+00,baseline,,,,,0.289917,
2026-04-29 20:10:52+00,baseline,,,7,,,
2026-04-29 20:10:53+00,baseline,21,,,,,
2026-04-29 20:10:54+00,baseline,,,,,,
2026-04-29 20:10:55+00,baseline,,2.261456,,0,,0.22248809999999997
2026-04-29 20:10:56+00,baseline,,,,,,
2026-04-29 20:10:57+00,baseline,,,6,,,
2026-04-29 20:10:58+00,baseline,23,,,,,
2026-04-29 20:10:59+00,baseline,,,,,,
2026-04-29 20:11:00+00,baseline,,,,0,,
2026-04-29 20:11:01+00,baseline,,,,,,
2026-04-29 20:11:02+00,baseline,,,7,,0.163257,
2026-04-29 20:11:03+00,baseline,21,,,,,
2026-04-29 20:11:04+00,baseline,,,,,,
2026-04-29 20:11:05+00,baseline,,2.306622,,0,,0.19715609999999997
2026-04-29 20:11:06+00,baseline,,,,,,
2026-04-29 20:11:07+00,baseline,,,6,,,
2026-04-29 20:11:08+00,baseline,15,,,,,
2026-04-29 20:11:09+00,baseline,,,,,,
2026-04-29 20:11:10+00,baseline,,,,0,,
2026-04-29 20:11:11+00,baseline,,,,,0.007145,
2026-04-29 20:11:12+00,baseline,,,7,,,
2026-04-29 20:11:13+00,baseline,17,,,,,
2026-04-29 20:11:14+00,baseline,,,,,,
2026-04-29 20:11:15+00,baseline,,2.209835,,0,,0.1631337
2026-04-29 20:11:16+00,baseline,,,,,,
2026-04-29 20:11:17+00,baseline,,,6,,,
2026-04-29 20:11:18+00,baseline,16,,,,,
2026-04-29 20:11:19+00,baseline,,,,,,
2026-04-29 20:11:20+00,baseline,,,,0,,
2026-04-29 20:11:21+00,baseline,,,,,0.015635,
2026-04-29 20:11:22+00,baseline,,,7,,,
2026-04-29 20:11:23+00,baseline,19,,,,,
2026-04-29 20:11:24+00,baseline,,,,,,
2026-04-29 20:11:25+00,baseline,,2.270916,,0,,0.16623169999999998
2026-04-29 20:11:26+00,baseline,,,,,,
2026-04-29 20:11:27+00,baseline,,,6,,,
2026-04-29 20:11:28+00,baseline,21,,,,,
2026-04-29 20:11:29+00,baseline,,,,,,
2026-04-29 20:11:30+00,baseline,,,,0,,
2026-04-29 20:11:31+00,baseline,,,,,0.060702,
2026-04-29 20:11:32+00,baseline,,,7,,,
2026-04-29 20:11:33+00,baseline,20,,,,,
2026-04-29 20:11:34+00,baseline,,,,,,
2026-04-29 20:11:35+00,baseline,,2.279088,,0,,0.17594509999999997
2026-04-29 20:11:36+00,baseline,,,,,,
2026-04-29 20:11:37+00,baseline,,,6,,,
2026-04-29 20:11:38+00,baseline,18,,,,,
2026-04-29 20:11:39+00,baseline,,,,,,
2026-04-29 20:11:40+00,baseline,,,,0,,
2026-04-29 20:11:41+00,baseline,,,,,0.012106,
2026-04-29 20:11:42+00,baseline,,,7,,,
2026-04-29 20:11:43+00,baseline,21,,,,,
2026-04-29 20:11:44+00,baseline,,,,,,
2026-04-29 20:11:45+00,baseline,,2.248544,,0,,0.15530480000000002
2026-04-29 20:11:46+00,baseline,,,,,,
2026-04-29 20:11:47+00,baseline,,,6,,,
2026-04-29 20:11:48+00,baseline,18,,,,,
2026-04-29 20:11:49+00,baseline,,,,,,
2026-04-29 20:11:50+00,baseline,,,,0,,
2026-04-29 20:11:51+00,baseline,,,,,0.021427,
2026-04-29 20:11:52+00,baseline,,,7,,,
2026-04-29 20:11:53+00,baseline,19,,,,,
2026-04-29 20:11:54+00,baseline,,,,,,
2026-04-29 20:11:55+00,baseline,,2.312023,,0,,0.15576900000000002
2026-04-29 20:11:56+00,baseline,,,,,,
2026-04-29 20:11:57+00,baseline,,,6,,,
2026-04-29 20:11:58+00,baseline,25,,,,,
2026-04-29 20:11:59+00,baseline,,,,,,
2026-04-29 20:12:00+00,baseline,,,,0,,
2026-04-29 20:12:01+00,baseline,,,,,0.129889,
2026-04-29 20:12:02+00,baseline,,,7,,,
2026-04-29 20:12:03+00,baseline,346,,,,,
2026-04-29 20:12:04+00,baseline,,,,,,
2026-04-29 20:12:05+00,baseline,,2.331606,,0,,0.4063614
2026-04-29 20:12:06+00,baseline,,,,,,
2026-04-29 20:12:07+00,baseline,,,6,,,
2026-04-29 20:12:08+00,baseline,299,,,,,
2026-04-29 20:12:09+00,baseline,,,,,,
2026-04-29 20:12:10+00,baseline,,,,0,,
2026-04-29 20:12:11+00,baseline,,,,,0.046326,
2026-04-29 20:12:12+00,baseline,,,7,,,
2026-04-29 20:12:13+00,baseline,17,,,,,
2026-04-29 20:12:14+00,baseline,,,,,,
2026-04-29 20:12:15+00,baseline,,2.4429,,0,,0.1593488
2026-04-29 20:12:16+00,baseline,,,,,,
2026-04-29 20:12:17+00,baseline,,,6,,,
2026-04-29 20:12:18+00,baseline,15,,,,,
2026-04-29 20:12:19+00,baseline,,,,,,
2026-04-29 20:12:20+00,baseline,,,,0,,
2026-04-29 20:12:21+00,baseline,,,,,0.009833,
2026-04-29 20:12:22+00,baseline,,,7,,,
2026-04-29 20:12:23+00,baseline,20,,,,,
2026-04-29 20:12:24+00,baseline,,,,,,
2026-04-29 20:12:25+00,baseline,,2.41632,,0,,0.15415020000000004
2026-04-29 20:12:26+00,baseline,,,,,,
2026-04-29 20:12:27+00,baseline,,,6,,,
2026-04-29 20:12:28+00,baseline,768,,,,,
2026-04-29 20:12:29+00,baseline,,,,,,
2026-04-29 20:12:30+00,baseline,,,,0,,
2026-04-29 20:12:31+00,baseline,,,,,,
2026-04-29 20:12:32+00,baseline,,,7,,,
2026-04-29 20:12:33+00,baseline,1203,,,,,
2026-04-29 20:12:34+00,baseline,,,,,,
2026-04-29 20:12:35+00,baseline,,2.476228,,0,,0.9822502
2026-04-29 20:12:36+00,baseline,,,,,,
2026-04-29 20:12:37+00,baseline,,,6,,,
2026-04-29 20:12:38+00,baseline,626,,,,,
2026-04-29 20:12:39+00,baseline,,,,,,
2026-04-29 20:12:40+00,baseline,,,,0,,
2026-04-29 20:12:41+00,baseline,,,,,,
2026-04-29 20:12:42+00,baseline,,,7,,,
2026-04-29 20:12:43+00,baseline,455,,,,,
2026-04-29 20:12:44+00,baseline,,,,,,
2026-04-29 20:12:45+00,baseline,,2.589322,,0,,0.4920975
2026-04-29 20:12:46+00,baseline,,,,,,
2026-04-29 20:12:47+00,baseline,,,6,,,
2026-04-29 20:12:48+00,baseline,498,,,,,
2026-04-29 20:12:49+00,baseline,,,,,,
2026-04-29 20:12:50+00,baseline,,,,0,,
2026-04-29 20:12:51+00,baseline,,,,,,
2026-04-29 20:12:52+00,baseline,,,7,,,
2026-04-29 20:12:53+00,baseline,347,,,,,
2026-04-29 20:12:54+00,baseline,,,,,,
2026-04-29 20:12:55+00,baseline,,2.620886,,0,,0.4164975
2026-04-29 20:12:56+00,baseline,,,,,,
2026-04-29 20:12:57+00,baseline,,,6,,,
2026-04-29 20:12:58+00,baseline,421,,,,,
2026-04-29 20:12:59+00,baseline,,,,,,
2026-04-29 20:13:00+00,baseline,,,,0,,
2026-04-29 20:13:01+00,baseline,,,,,,
2026-04-29 20:13:02+00,baseline,,,7,,,
2026-04-29 20:13:03+00,baseline,339,,,,,
2026-04-29 20:13:04+00,baseline,,,,,,
2026-04-29 20:13:05+00,baseline,,2.639235,,0,,0.4108975
2026-04-29 20:13:06+00,baseline,,,,,,
2026-04-29 20:13:07+00,baseline,,,6,,,
2026-04-29 20:13:08+00,baseline,712,,,,,
2026-04-29 20:13:09+00,baseline,,,,,,
2026-04-29 20:13:10+00,baseline,,,,0,,
2026-04-29 20:13:11+00,baseline,,,,,,
2026-04-29 20:13:12+00,baseline,,,7,,,
2026-04-29 20:13:13+00,baseline,264,,,,,
2026-04-29 20:13:14+00,baseline,,,,,,
2026-04-29 20:13:15+00,baseline,,2.630471,,0,,0.3583975
2026-04-29 20:13:16+00,baseline,,,,,,
2026-04-29 20:13:17+00,baseline,,,6,,,
2026-04-29 20:13:18+00,baseline,381,,,,,
2026-04-29 20:13:19+00,baseline,,,,,,
2026-04-29 20:13:20+00,baseline,,,,0,,
2026-04-29 20:13:21+00,baseline,,,,,,
2026-04-29 20:13:22+00,baseline,,,7,,,
2026-04-29 20:13:23+00,baseline,247,,,,,
2026-04-29 20:13:24+00,baseline,,,,,,
2026-04-29 20:13:25+00,baseline,,2.770619,,0,,0.3464975
2026-04-29 20:13:26+00,baseline,,,,,,
2026-04-29 20:13:27+00,baseline,,,6,,,
2026-04-29 20:13:28+00,baseline,463,,,,,
2026-04-29 20:13:29+00,baseline,,,,,,
2026-04-29 20:13:30+00,baseline,,,,0,,
2026-04-29 20:13:31+00,baseline,,,,,,
2026-04-29 20:13:32+00,baseline,,,7,,,
2026-04-29 20:13:33+00,baseline,225,,,,,
2026-04-29 20:13:34+00,baseline,,,,,,
2026-04-29 20:13:35+00,baseline,,2.807399,,0,,0.3310975
2026-04-29 20:13:36+00,baseline,,,,,,
2026-04-29 20:13:37+00,baseline,,,7,,,
2026-04-29 20:13:38+00,baseline,539,,,,,
2026-04-29 20:13:39+00,baseline,,,,,,
2026-04-29 20:13:40+00,baseline,,,,0,,
2026-04-29 20:13:41+00,baseline,,,,,,
2026-04-29 20:13:42+00,baseline,,,8,,,
2026-04-29 20:13:43+00,baseline,362,,,,,
2026-04-29 20:13:44+00,baseline,,,,,,
2026-04-29 20:13:45+00,baseline,,2.787234,,0,,0.4958451
2026-04-29 20:13:46+00,baseline,,,,,,
2026-04-29 20:13:47+00,baseline,,,8,,,
2026-04-29 20:13:48+00,baseline,431,,,,,
2026-04-29 20:13:49+00,baseline,,,,,,
2026-04-29 20:13:50+00,baseline,,,,0,,
2026-04-29 20:13:51+00,baseline,,,,,,
2026-04-29 20:13:52+00,baseline,,,9,,,
2026-04-29 20:13:53+00,baseline,180,,,,,
2026-04-29 20:13:54+00,baseline,,,,,,
2026-04-29 20:13:55+00,baseline,,2.897933,,0,,0.3684451
2026-04-29 20:13:56+00,baseline,,,,,,
2026-04-29 20:13:57+00,baseline,,,9,,,
2026-04-29 20:13:58+00,baseline,378,,,,,
2026-04-29 20:13:59+00,baseline,,,,,,
2026-04-29 20:14:00+00,baseline,,,,0,,
2026-04-29 20:14:01+00,baseline,,,,,,
2026-04-29 20:14:02+00,baseline,,,10,,,
2026-04-29 20:14:03+00,baseline,206,,,,,
2026-04-29 20:14:04+00,baseline,,,,,,
2026-04-29 20:14:05+00,baseline,,3.084833,,0,,0.3866451
2026-04-29 20:14:06+00,baseline,,,,,,
2026-04-29 20:14:07+00,baseline,,,9,,,
2026-04-29 20:14:08+00,baseline,410,,,,,
2026-04-29 20:14:09+00,baseline,,,,,,
2026-04-29 20:14:10+00,baseline,,,,0,,
2026-04-29 20:14:11+00,baseline,,,,,,
2026-04-29 20:14:12+00,baseline,,,10,,,
2026-04-29 20:14:13+00,baseline,230,,,,,
2026-04-29 20:14:14+00,baseline,,,,,,
2026-04-29 20:14:15+00,baseline,,3.162393,,0,,0.4034451
2026-04-29 20:14:16+00,baseline,,,,,,
2026-04-29 20:14:17+00,baseline,,,10,,,
2026-04-29 20:14:18+00,baseline,305,,,,,
2026-04-29 20:14:19+00,baseline,,,,,,
2026-04-29 20:14:20+00,baseline,,,,0,,
2026-04-29 20:14:21+00,baseline,,,,,,
2026-04-29 20:14:22+00,baseline,,,10,,,
2026-04-29 20:14:23+00,baseline,215,,,,,
2026-04-29 20:14:24+00,baseline,,,,,,
2026-04-29 20:14:25+00,baseline,,3.120992,,0,,0.3929451
2026-04-29 20:14:27+00,baseline,,,10,,,
2026-04-29 20:14:28+00,baseline,353,,,,,
2026-04-29 20:14:29+00,baseline,,,,,,
2026-04-29 20:14:30+00,baseline,,,,0,,
2026-04-29 20:14:31+00,baseline,,,,,,
2026-04-29 20:14:32+00,baseline,,,10,,,
2026-04-29 20:14:33+00,baseline,230,,,,,
2026-04-29 20:14:34+00,baseline,,,,,,
2026-04-29 20:14:35+00,baseline,,3.139785,,0,,0.4034451
2026-04-29 20:14:36+00,baseline,,,,,,
2026-04-29 20:14:37+00,baseline,,,9,,,
2026-04-29 20:14:38+00,baseline,353,,,,,
2026-04-29 20:14:39+00,baseline,,,,,,
2026-04-29 20:14:40+00,baseline,,,,0,,
2026-04-29 20:14:41+00,baseline,,,,,,
2026-04-29 20:14:42+00,baseline,,,8,,,
2026-04-29 20:14:43+00,baseline,206,,,,,
2026-04-29 20:14:44+00,baseline,,,,,,
2026-04-29 20:14:45+00,baseline,,3.194748,,0,,0.4002193
2026-04-29 20:14:46+00,baseline,,,,,,
2026-04-29 20:14:47+00,baseline,,,7,,,
2026-04-29 20:14:48+00,baseline,287,,,,,
2026-04-29 20:14:49+00,baseline,,,,,,
2026-04-29 20:14:50+00,baseline,,,,0,,
2026-04-29 20:14:51+00,baseline,,,,,,
2026-04-29 20:14:52+00,baseline,,,8,,,
2026-04-29 20:14:53+00,baseline,232,,,,,
2026-04-29 20:14:54+00,baseline,,,,,,
2026-04-29 20:14:55+00,baseline,,3.092334,,0,,0.4184193
2026-04-29 20:14:56+00,baseline,,,,,,
2026-04-29 20:14:57+00,baseline,,,8,,,
2026-04-29 20:14:58+00,baseline,263,,,,,
2026-04-29 20:14:59+00,baseline,,,,,,
2026-04-29 20:15:00+00,baseline,,,,0,,
2026-04-29 20:15:01+00,baseline,,,,,,
2026-04-29 20:15:02+00,baseline,,,8,,,
2026-04-29 20:15:03+00,baseline,250,,,,,
2026-04-29 20:15:04+00,baseline,,,,,,
2026-04-29 20:15:05+00,baseline,,2.967295,,0,,0.4310193
2026-04-29 20:15:06+00,baseline,,,,,,
2026-04-29 20:15:07+00,baseline,,,8,,,
2026-04-29 20:15:08+00,baseline,253,,,,,
2026-04-29 20:15:09+00,baseline,,,,,,
2026-04-29 20:15:10+00,baseline,,,,0,,
2026-04-29 20:15:11+00,baseline,,,,,,
2026-04-29 20:15:12+00,baseline,,,9,,,
2026-04-29 20:15:13+00,baseline,244,,,,,
2026-04-29 20:15:14+00,baseline,,,,,,
2026-04-29 20:15:15+00,baseline,,3.008344,,0,,0.42681929999999996
2026-04-29 20:15:16+00,baseline,,,,,,
2026-04-29 20:15:17+00,baseline,,,8,,,
2026-04-29 20:15:18+00,baseline,237,,,,,
2026-04-29 20:15:19+00,baseline,,,,,,
2026-04-29 20:15:20+00,baseline,,,,0,,
2026-04-29 20:15:21+00,baseline,,,,,,
2026-04-29 20:15:22+00,baseline,,,8,,,
2026-04-29 20:15:23+00,baseline,251,,,,,
2026-04-29 20:15:24+00,baseline,,,,,,
2026-04-29 20:15:25+00,baseline,,3.032301,,0,,0.4317193
2026-04-29 20:15:26+00,baseline,,,,,,
2026-04-29 20:15:27+00,baseline,,,8,,,
2026-04-29 20:15:28+00,baseline,303,,,,,
2026-04-29 20:15:29+00,baseline,,,,,,
2026-04-29 20:15:30+00,baseline,,,,0,,
2026-04-29 20:15:31+00,baseline,,,,,,
2026-04-29 20:15:32+00,baseline,,,9,,,
2026-04-29 20:15:33+00,baseline,266,,,,,
2026-04-29 20:15:34+00,baseline,,,,,,
2026-04-29 20:15:35+00,baseline,,3.055434,,0,,0.44221930000000004
2026-04-29 20:15:36+00,baseline,,,,,,
2026-04-29 20:15:37+00,baseline,,,8,,,
2026-04-29 20:15:38+00,baseline,19,,,,,
2026-04-29 20:15:39+00,baseline,,,,,2.228507,
2026-04-29 20:15:40+00,baseline,,,,0,,
2026-04-29 20:15:41+00,baseline,,,,,0.006295,
2026-04-29 20:15:42+00,baseline,,,9,,,
2026-04-29 20:15:43+00,baseline,23,,,,,
2026-04-29 20:15:44+00,baseline,,,,,,
2026-04-29 20:15:45+00,baseline,,2.972445,,0,,0.33596250000000005
2026-04-29 20:15:46+00,baseline,,,,,,
2026-04-29 20:15:47+00,baseline,,,9,,,
2026-04-29 20:15:48+00,baseline,20,,,,,
2026-04-29 20:15:49+00,baseline,,,,,,
2026-04-29 20:15:50+00,baseline,,,,0,,
2026-04-29 20:15:51+00,baseline,,,,,0.02998,
2026-04-29 20:15:52+00,baseline,,,10,,,
2026-04-29 20:15:53+00,baseline,26,,,,,
2026-04-29 20:15:54+00,baseline,,,,,,
2026-04-29 20:15:55+00,baseline,,2.759499,,0,,0.34279950000000003
2026-04-29 20:15:56+00,baseline,,,,,,
2026-04-29 20:15:57+00,baseline,,,10,,,
2026-04-29 20:15:58+00,baseline,24,,,,,
2026-04-29 20:15:59+00,baseline,,,,,,
2026-04-29 20:16:00+00,baseline,,,,0,,
2026-04-29 20:16:01+00,baseline,,,,,0.009314,
2026-04-29 20:16:02+00,baseline,,,11,,,
2026-04-29 20:16:03+00,baseline,18,,,,,
2026-04-29 20:16:04+00,baseline,,,,,,
2026-04-29 20:16:05+00,baseline,,2.514025,,0,,0.33306630000000004
2026-04-29 20:16:06+00,baseline,,,,,,
2026-04-29 20:16:07+00,baseline,,,11,,,
2026-04-29 20:16:08+00,baseline,15,,,,,
2026-04-29 20:16:09+00,baseline,,,,,,
2026-04-29 20:16:10+00,baseline,,,,0,,
2026-04-29 20:16:11+00,baseline,,,,,0.005724,
2026-04-29 20:16:12+00,baseline,,,11,,,
2026-04-29 20:16:13+00,baseline,17,,,,,
2026-04-29 20:16:14+00,baseline,,,,,,
2026-04-29 20:16:15+00,baseline,,2.315661,,0,,0.33164830000000006
2026-04-29 20:16:16+00,baseline,,,,,,
2026-04-29 20:16:17+00,baseline,,,11,,,
2026-04-29 20:16:18+00,baseline,16,,,,,
2026-04-29 20:16:19+00,baseline,,,,,,
2026-04-29 20:16:20+00,baseline,,,,0,,
2026-04-29 20:16:21+00,baseline,,,,,0.016435,
2026-04-29 20:16:22+00,baseline,,,12,,,
2026-04-29 20:16:23+00,baseline,18,,,,,
2026-04-29 20:16:24+00,baseline,,,,,,
2026-04-29 20:16:25+00,baseline,,2.108613,,0,,0.3344905
2026-04-29 20:16:26+00,baseline,,,,,,
2026-04-29 20:16:27+00,baseline,,,11,,,
2026-04-29 20:16:28+00,baseline,19,,,,,
2026-04-29 20:16:29+00,baseline,,,,,,
2026-04-29 20:16:30+00,baseline,,,,0,,
2026-04-29 20:16:31+00,baseline,,,,,0.014649,
2026-04-29 20:16:32+00,baseline,,,10,,,
2026-04-29 20:16:33+00,baseline,22,,,,,
2026-04-29 20:16:34+00,baseline,,,,,,
2026-04-29 20:16:35+00,baseline,,2.007084,,0,,0.33693330000000005
2026-04-29 20:16:36+00,baseline,,,,,,
2026-04-29 20:16:37+00,baseline,,,8,,,
2026-04-29 20:16:38+00,baseline,17,,,,,
2026-04-29 20:16:39+00,baseline,,,,,,
2026-04-29 20:16:40+00,baseline,,,,0,,
2026-04-29 20:16:41+00,baseline,,,,,0.092544,
2026-04-29 20:16:42+00,baseline,,,8,,,
2026-04-29 20:16:43+00,baseline,20,,,,,
2026-04-29 20:16:44+00,baseline,,,,,,
2026-04-29 20:16:45+00,baseline,,1.844302,,0,,0.16996
2026-04-29 20:16:46+00,baseline,,,,,,
2026-04-29 20:16:47+00,baseline,,,6,,,
2026-04-29 20:16:48+00,baseline,17,,,,,
2026-04-29 20:16:49+00,baseline,,,,,,
2026-04-29 20:16:50+00,baseline,,,,0,,
2026-04-29 20:16:51+00,baseline,,,,,0.045206,
2026-04-29 20:16:52+00,baseline,,,7,,,
2026-04-29 20:16:53+00,baseline,24,,,,,
2026-04-29 20:16:54+00,baseline,,,,,,
2026-04-29 20:16:55+00,baseline,,1.924198,,0,,0.1632924
2026-04-29 20:16:56+00,baseline,,,,,,
2026-04-29 20:16:57+00,baseline,,,6,,,
2026-04-29 20:16:58+00,baseline,40,,,,,
2026-04-29 20:16:59+00,baseline,,,,,,
2026-04-29 20:17:00+00,baseline,,,,0,,
2026-04-29 20:17:01+00,baseline,,,,,0.056821,
2026-04-29 20:17:02+00,baseline,,,7,,,
2026-04-29 20:17:03+00,baseline,20,,,,,
2026-04-29 20:17:04+00,baseline,,,,,,
2026-04-29 20:17:05+00,baseline,,2.029268,,0,,0.1628154
2026-04-29 20:17:06+00,baseline,,,,,,
2026-04-29 20:17:07+00,baseline,,,6,,,
2026-04-29 20:17:08+00,baseline,15,,,,,
2026-04-29 20:17:09+00,baseline,,,,,,
2026-04-29 20:17:10+00,baseline,,,,0,,
2026-04-29 20:17:11+00,baseline,,,,,,
2026-04-29 20:17:12+00,baseline,,,7,,0.028483,
2026-04-29 20:17:13+00,baseline,18,,,,,
2026-04-29 20:17:14+00,baseline,,,,,,
2026-04-29 20:17:15+00,baseline,,2.158132,,0,,0.1557478
2026-04-29 20:17:16+00,baseline,,,,,,
2026-04-29 20:17:17+00,baseline,,,6,,,
2026-04-29 20:17:18+00,baseline,17,,,,,
2026-04-29 20:17:19+00,baseline,,,,,,
2026-04-29 20:17:20+00,baseline,,,,0,,
2026-04-29 20:17:21+00,baseline,,,,,0.007316,
2026-04-29 20:17:22+00,baseline,,,7,,,
2026-04-29 20:17:23+00,baseline,19,,,,,
2026-04-29 20:17:25+00,baseline,,2.208637,,0,,0.1522144
2026-04-29 20:17:26+00,baseline,,,,,,
2026-04-29 20:17:27+00,baseline,,,6,,,
2026-04-29 20:17:28+00,baseline,21,,,,,
2026-04-29 20:17:29+00,baseline,,,,,,
2026-04-29 20:17:30+00,baseline,,,,0,,
2026-04-29 20:17:31+00,baseline,,,,,0.091151,
2026-04-29 20:17:32+00,baseline,,,7,,,
2026-04-29 20:17:33+00,baseline,24,,,,,
2026-04-29 20:17:34+00,baseline,,,,,,
2026-04-29 20:17:35+00,baseline,,2.194543,,0,,0.1724814
2026-04-29 20:17:36+00,baseline,,,,,,
2026-04-29 20:17:37+00,baseline,,,6,,,
2026-04-29 20:17:38+00,baseline,17,,,,,
2026-04-29 20:17:39+00,baseline,,,,,,
2026-04-29 20:17:40+00,baseline,,,,0,,
2026-04-29 20:17:41+00,baseline,,,,,0.004252,
2026-04-29 20:17:42+00,baseline,,,7,,,
2026-04-29 20:17:43+00,baseline,22,,,,,
2026-04-29 20:17:44+00,baseline,,,,,,
2026-04-29 20:17:45+00,baseline,,2.303873,,0,,0.1003813
2026-04-29 20:17:46+00,baseline,,,,,,
2026-04-29 20:17:47+00,baseline,,,6,,,
2026-04-29 20:17:48+00,baseline,17,,,,,
2026-04-29 20:17:49+00,baseline,,,,,,
2026-04-29 20:17:50+00,baseline,,,,0,,
2026-04-29 20:17:52+00,baseline,,,7,,,
2026-04-29 20:17:53+00,baseline,21,,,,0.033181,
2026-04-29 20:17:54+00,baseline,,,,,,
2026-04-29 20:17:55+00,baseline,,2.289924,,0,,0.10546710000000001
2026-04-29 20:17:56+00,baseline,,,,,,
2026-04-29 20:17:57+00,baseline,,,6,,,
2026-04-29 20:17:58+00,baseline,25,,,,,
2026-04-29 20:17:59+00,baseline,,,,,,
2026-04-29 20:18:00+00,baseline,,,,0,,
2026-04-29 20:18:01+00,baseline,,,,,0.064014,
2026-04-29 20:18:02+00,baseline,,,7,,,
2026-04-29 20:18:03+00,baseline,19,,,,,
2026-04-29 20:18:04+00,baseline,,,,,,
2026-04-29 20:18:05+00,baseline,,2.342342,,0,,0.11023370000000002
2026-04-29 20:18:06+00,baseline,,,,,,
2026-04-29 20:18:07+00,baseline,,,6,,,
2026-04-29 20:18:08+00,baseline,16,,,,,
2026-04-29 20:18:09+00,baseline,,,,,,
2026-04-29 20:18:10+00,baseline,,,,0,,
2026-04-29 20:18:11+00,baseline,,,,,0.021315,
2026-04-29 20:18:12+00,baseline,,,6,,,
2026-04-29 20:18:13+00,baseline,17,,,,,
2026-04-29 20:18:14+00,baseline,,,,,,
2026-04-29 20:18:15+00,baseline,,2.283654,,0,,0.1002939
2026-04-29 20:18:16+00,baseline,,,,,,
2026-04-29 20:18:18+00,baseline,17,,6,,,
2026-04-29 20:18:19+00,baseline,,,,,,
2026-04-29 20:18:20+00,baseline,,,,0,,
2026-04-29 20:18:21+00,baseline,,,,,,
2026-04-29 20:18:22+00,baseline,,,7,,0.019477,
2026-04-29 20:18:23+00,baseline,18,,,,,
2026-04-29 20:18:24+00,baseline,,,,,,
2026-04-29 20:18:25+00,baseline,,2.191235,,0,,0.1006263
2026-04-29 20:18:26+00,baseline,,,,,,
2026-04-29 20:18:27+00,baseline,,,6,,,
2026-04-29 20:18:28+00,baseline,21,,,,,
2026-04-29 20:18:29+00,baseline,,,,,,
2026-04-29 20:18:30+00,baseline,,,,0,,
2026-04-29 20:18:31+00,baseline,,,,,0.022825,
2026-04-29 20:18:32+00,baseline,,,7,,,
2026-04-29 20:18:33+00,baseline,21,,,,,
2026-04-29 20:18:34+00,baseline,,,,,,
2026-04-29 20:18:35+00,baseline,,2.227526,,0,,0.10339590000000001
2026-04-29 20:18:36+00,baseline,,,,,,
2026-04-29 20:18:37+00,baseline,,,6,,,
2026-04-29 20:18:38+00,baseline,17,,,,,
2026-04-29 20:18:39+00,baseline,,,,,,
2026-04-29 20:18:40+00,baseline,,,,0,,
2026-04-29 20:18:41+00,baseline,,,,,0.009381,
2026-04-29 20:18:42+00,baseline,,,7,,,
2026-04-29 20:18:43+00,baseline,20,,,,,
2026-04-29 20:18:44+00,baseline,,,,,,
2026-04-29 20:18:45+00,baseline,,2.23241,,0,,0.084675
2026-04-29 20:18:46+00,baseline,,,,,,
2026-04-29 20:18:47+00,baseline,,,6,,,
2026-04-29 20:18:48+00,baseline,21,,,,,
2026-04-29 20:18:49+00,baseline,,,,,,
2026-04-29 20:18:50+00,baseline,,,,0,,
2026-04-29 20:18:51+00,baseline,,,,,0.028451,
2026-04-29 20:18:52+00,baseline,,,7,,,
2026-04-29 20:18:53+00,baseline,26,,,,,
2026-04-29 20:18:54+00,baseline,,,,,,
2026-04-29 20:18:55+00,baseline,,2.25324,,0,,0.09268900000000001
2026-04-29 20:18:56+00,baseline,,,,,,
2026-04-29 20:18:57+00,baseline,,,6,,,
2026-04-29 20:18:58+00,baseline,24,,,,,
2026-04-29 20:18:59+00,baseline,,,,,,
2026-04-29 20:19:00+00,baseline,,,,0,,
2026-04-29 20:19:01+00,baseline,,,,,,
2026-04-29 20:19:02+00,baseline,,,7,,0.035594,
2026-04-29 20:19:03+00,baseline,19,,,,,
2026-04-29 20:19:04+00,baseline,,,,,,
2026-04-29 20:19:05+00,baseline,,2.164416,,0,,0.0892176
2026-04-29 20:19:06+00,baseline,,,,,,
2026-04-29 20:19:07+00,baseline,,,6,,,
2026-04-29 20:19:08+00,baseline,14,,,,,
2026-04-29 20:19:09+00,baseline,,,,,,
2026-04-29 20:19:10+00,baseline,,,,0,,
2026-04-29 20:19:11+00,baseline,,,,,0.028732,
2026-04-29 20:19:12+00,baseline,,,7,,,
2026-04-29 20:19:13+00,baseline,17,,,,,
2026-04-29 20:19:14+00,baseline,,,,,,
2026-04-29 20:19:15+00,baseline,,2.08789,,0,,0.08644520000000001
2026-04-29 20:19:16+00,baseline,,,,,,
2026-04-29 20:19:17+00,baseline,,,6,,,
2026-04-29 20:19:18+00,baseline,16,,,,,
2026-04-29 20:19:19+00,baseline,,,,,,
2026-04-29 20:19:20+00,baseline,,,,0,,
2026-04-29 20:19:21+00,baseline,,,,,,
2026-04-29 20:19:22+00,baseline,,,7,,0.134964,
2026-04-29 20:19:23+00,baseline,21,,,,,
2026-04-29 20:19:24+00,baseline,,,,,,
2026-04-29 20:19:25+00,baseline,,2.247191,,0,,0.11049160000000001
2026-04-29 20:19:26+00,baseline,,,,,,
2026-04-29 20:19:27+00,baseline,,,6,,,
2026-04-29 20:19:28+00,baseline,20,,,,,
2026-04-29 20:19:29+00,baseline,,,,,,
2026-04-29 20:19:30+00,baseline,,,,0,,
2026-04-29 20:19:31+00,baseline,,,,,0.015952,
2026-04-29 20:19:32+00,baseline,,,7,,,
2026-04-29 20:19:33+00,baseline,20,,,,,
2026-04-29 20:19:34+00,baseline,,,,,,
2026-04-29 20:19:35+00,baseline,,2.189195,,0,,0.0859892
2026-04-29 20:19:36+00,baseline,,,,,,
2026-04-29 20:19:37+00,baseline,,,6,,,
2026-04-29 20:19:38+00,baseline,18,,,,,
2026-04-29 20:19:39+00,baseline,,,,,,
2026-04-29 20:19:40+00,baseline,,,,0,,
2026-04-29 20:19:41+00,baseline,,,,,0.020986,
2026-04-29 20:19:42+00,baseline,,,7,,,
2026-04-29 20:19:43+00,baseline,20,,,,,
2026-04-29 20:19:44+00,baseline,,,,,,
2026-04-29 20:19:45+00,baseline,,2.225787,,0,,0.0432949
2026-04-29 20:19:46+00,baseline,,,,,,
2026-04-29 20:19:47+00,baseline,,,6,,,
2026-04-29 20:19:48+00,baseline,18,,,,,
2026-04-29 20:19:49+00,baseline,,,,,,
2026-04-29 20:19:50+00,baseline,,,,0,,
2026-04-29 20:19:51+00,baseline,,,,,0.065073,
2026-04-29 20:19:52+00,baseline,,,7,,,
2026-04-29 20:19:53+00,baseline,20,,,,,
2026-04-29 20:19:54+00,baseline,,,,,,
2026-04-29 20:19:55+00,baseline,,2.221777,,0,,0.0521123
2026-04-29 20:19:56+00,baseline,,,,,,
2026-04-29 20:19:57+00,baseline,,,6,,,
2026-04-29 20:19:58+00,baseline,25,,,,,
2026-04-29 20:19:59+00,baseline,,,,,,
2026-04-29 20:20:00+00,baseline,,,,0,,
2026-04-29 20:20:01+00,baseline,,,,,0.02809,
2026-04-29 20:20:02+00,baseline,,,7,,,
2026-04-29 20:20:03+00,baseline,20,,,,,
2026-04-29 20:20:05+00,baseline,,2.359528,,0,,0.0447157
2026-04-29 20:20:06+00,baseline,,,,,,
2026-04-29 20:20:07+00,baseline,,,6,,,
2026-04-29 20:20:08+00,baseline,15,,,,,
2026-04-29 20:20:09+00,baseline,,,,,,
2026-04-29 20:20:10+00,baseline,,,,0,,
2026-04-29 20:20:11+00,baseline,,,,,0.017004,
2026-04-29 20:20:12+00,baseline,,,7,,,
2026-04-29 20:20:13+00,baseline,17,,,,,
2026-04-29 20:20:14+00,baseline,,,,,,
2026-04-29 20:20:15+00,baseline,,2.4546,,0,,0.040398500000000004
2026-04-29 20:20:16+00,baseline,,,,,,
2026-04-29 20:20:17+00,baseline,,,6,,,
2026-04-29 20:20:18+00,baseline,18,,,,,
2026-04-29 20:20:19+00,baseline,,,,,,
2026-04-29 20:20:20+00,baseline,,,,0,,
2026-04-29 20:20:21+00,baseline,,,,,0.048528,
2026-04-29 20:20:22+00,baseline,,,7,,,
2026-04-29 20:20:23+00,baseline,19,,,,,
2026-04-29 20:20:24+00,baseline,,,,,,
2026-04-29 20:20:25+00,baseline,,2.483608,,0,,0.0481033
2026-04-29 20:20:26+00,baseline,,,,,,
2026-04-29 20:20:27+00,baseline,,,6,,,
2026-04-29 20:20:28+00,baseline,20,,,,,
2026-04-29 20:20:29+00,baseline,,,,,,
2026-04-29 20:20:30+00,baseline,,,,0,,
2026-04-29 20:20:31+00,baseline,,,,,0.372451,
2026-04-29 20:20:32+00,baseline,,,7,,,
2026-04-29 20:20:33+00,baseline,22,,,,,
2026-04-29 20:20:34+00,baseline,,,,,,
2026-04-29 20:20:35+00,baseline,,2.582439,,0,,0.11498789999999999
2026-04-29 20:20:36+00,baseline,,,,,,
2026-04-29 20:20:37+00,baseline,,,6,,,
2026-04-29 20:20:38+00,baseline,17,,,,,
2026-04-29 20:20:39+00,baseline,,,,,,
2026-04-29 20:20:40+00,baseline,,,,0,,
2026-04-29 20:20:41+00,baseline,,,,,0.020741,
2026-04-29 20:20:42+00,baseline,,,7,,,
2026-04-29 20:20:43+00,baseline,24,,,,,
2026-04-29 20:20:44+00,baseline,,,,,,
2026-04-29 20:20:45+00,baseline,,2.537166,,0,,0.10254
2026-04-29 20:20:46+00,baseline,,,,,,
2026-04-29 20:20:47+00,baseline,,,6,,,
2026-04-29 20:20:48+00,baseline,19,,,,,
2026-04-29 20:20:49+00,baseline,,,,,,
2026-04-29 20:20:50+00,baseline,,,,0,,
2026-04-29 20:20:51+00,baseline,,,,,0.012847,
2026-04-29 20:20:52+00,baseline,,,7,,,
2026-04-29 20:20:53+00,baseline,22,,,,,
2026-04-29 20:20:54+00,baseline,,,,,,
2026-04-29 20:20:55+00,baseline,,2.580389,,0,,0.0995612
2026-04-29 20:20:56+00,baseline,,,,,,
2026-04-29 20:20:57+00,baseline,,,6,,,
2026-04-29 20:20:58+00,baseline,24,,,,,
2026-04-29 20:20:59+00,baseline,,,,,,
2026-04-29 20:21:00+00,baseline,,,,0,,
2026-04-29 20:21:01+00,baseline,,,,,,
2026-04-29 20:21:02+00,baseline,,,7,,0.103009,
2026-04-29 20:21:03+00,baseline,20,,,,,
2026-04-29 20:21:04+00,baseline,,,,,,
2026-04-29 20:21:05+00,baseline,,2.535155,,0,,0.11619360000000001
2026-04-29 20:21:06+00,baseline,,,,,,
2026-04-29 20:21:07+00,baseline,,,6,,,
2026-04-29 20:21:08+00,baseline,15,,,,,
2026-04-29 20:21:09+00,baseline,,,,,,
2026-04-29 20:21:10+00,baseline,,,,0,,
2026-04-29 20:21:11+00,baseline,,,,,0.072993,
2026-04-29 20:21:12+00,baseline,,,7,,,
2026-04-29 20:21:13+00,baseline,18,,,,,
2026-04-29 20:21:14+00,baseline,,,,,,
2026-04-29 20:21:15+00,baseline,,2.575788,,0,,0.10879040000000001
2026-04-29 20:21:16+00,baseline,,,,,,
2026-04-29 20:21:17+00,baseline,,,6,,,
2026-04-29 20:21:18+00,baseline,17,,,,,
2026-04-29 20:21:19+00,baseline,,,,,,
2026-04-29 20:21:20+00,baseline,,,,0,,
2026-04-29 20:21:21+00,baseline,,,,,0.031142,
2026-04-29 20:21:22+00,baseline,,,7,,,
2026-04-29 20:21:23+00,baseline,18,,,,,
2026-04-29 20:21:24+00,baseline,,,,,,
2026-04-29 20:21:25+00,baseline,,2.540187,,0,,0.1004202
2026-04-29 20:21:26+00,baseline,,,,,,
2026-04-29 20:21:27+00,baseline,,,6,,,
2026-04-29 20:21:28+00,baseline,21,,,,,
2026-04-29 20:21:29+00,baseline,,,,,,
2026-04-29 20:21:30+00,baseline,,,,0,,
2026-04-29 20:21:31+00,baseline,,,,,0.017183,
2026-04-29 20:21:32+00,baseline,,,7,,,
2026-04-29 20:21:33+00,baseline,20,,,,,
2026-04-29 20:21:34+00,baseline,,,,,,
2026-04-29 20:21:35+00,baseline,,2.537166,,0,,0.0990284
2026-04-29 20:21:36+00,baseline,,,,,,
2026-04-29 20:21:37+00,baseline,,,6,,,
2026-04-29 20:21:38+00,baseline,17,,,,,
2026-04-29 20:21:39+00,baseline,,,,,,
2026-04-29 20:21:40+00,baseline,,,,0,,
2026-04-29 20:21:41+00,baseline,,,,,0.005463,
2026-04-29 20:21:42+00,baseline,,,7,,,
2026-04-29 20:21:43+00,baseline,21,,,,,
2026-04-29 20:21:44+00,baseline,,,,,,
2026-04-29 20:21:45+00,baseline,,2.545238,,0,,0.0953824
2026-04-29 20:21:46+00,baseline,,,,,,
2026-04-29 20:21:47+00,baseline,,,6,,,
2026-04-29 20:21:48+00,baseline,20,,,,,
2026-04-29 20:21:49+00,baseline,,,,,,
2026-04-29 20:21:50+00,baseline,,,,0,,
2026-04-29 20:21:51+00,baseline,,,,,0.038769,
2026-04-29 20:21:52+00,baseline,,,7,,,
2026-04-29 20:21:53+00,baseline,24,,,,,
2026-04-29 20:21:54+00,baseline,,,,,,
2026-04-29 20:21:55+00,baseline,,2.588095,,0,,0.1041436
2026-04-29 20:21:56+00,baseline,,,,,,
2026-04-29 20:21:57+00,baseline,,,6,,,
2026-04-29 20:21:58+00,baseline,27,,,,,
2026-04-29 20:21:59+00,baseline,,,,,,
2026-04-29 20:22:00+00,baseline,,,,0,,
2026-04-29 20:22:01+00,baseline,,,,,0.019968,
2026-04-29 20:22:02+00,baseline,,,7,,,
2026-04-29 20:22:03+00,baseline,19,,,,,
2026-04-29 20:22:04+00,baseline,,,,,,
2026-04-29 20:22:05+00,baseline,,2.580516,,0,,0.0968834
2026-04-29 20:22:06+00,baseline,,,,,,
2026-04-29 20:22:07+00,baseline,,,6,,,
2026-04-29 20:22:08+00,baseline,15,,,,,
2026-04-29 20:22:09+00,baseline,,,,,,
2026-04-29 20:22:10+00,baseline,,,,0,,
2026-04-29 20:22:11+00,baseline,,,,,0.187541,
2026-04-29 20:22:12+00,baseline,,,7,,,
2026-04-29 20:22:13+00,baseline,18,,,,,
2026-04-29 20:22:14+00,baseline,,,,,,
2026-04-29 20:22:15+00,baseline,,2.47012,,0,,0.129698
2026-04-29 20:22:16+00,baseline,,,,,,
2026-04-29 20:22:17+00,baseline,,,6,,,
2026-04-29 20:22:18+00,baseline,17,,,,,
2026-04-29 20:22:19+00,baseline,,,,,,
2026-04-29 20:22:20+00,baseline,,,,0,,
2026-04-29 20:22:21+00,baseline,,,,,0.014568,
2026-04-29 20:22:22+00,baseline,,,7,,,
2026-04-29 20:22:23+00,baseline,19,,,,,
2026-04-29 20:22:24+00,baseline,,,,,,
2026-04-29 20:22:25+00,baseline,,2.435644,,0,,0.0958034
2026-04-29 20:22:26+00,baseline,,,,,,
2026-04-29 20:22:27+00,baseline,,,6,,,
2026-04-29 20:22:28+00,baseline,20,,,,,
2026-04-29 20:22:29+00,baseline,,,,,,
2026-04-29 20:22:30+00,baseline,,,,0,,
2026-04-29 20:22:31+00,baseline,,,,,0.004973,
2026-04-29 20:22:32+00,baseline,,,7,,,
2026-04-29 20:22:33+00,baseline,21,,,,,
2026-04-29 20:22:34+00,baseline,,,,,,
2026-04-29 20:22:35+00,baseline,,2.314998,,0,,0.0952844
2026-04-29 20:22:36+00,baseline,,,,,,
2026-04-29 20:22:37+00,baseline,,,6,,,
2026-04-29 20:22:38+00,baseline,18,,,,,
2026-04-29 20:22:39+00,baseline,,,,,,
2026-04-29 20:22:40+00,baseline,,,,0,,
2026-04-29 20:22:41+00,baseline,,,,,0.050743,
2026-04-29 20:22:42+00,baseline,,,7,,,
2026-04-29 20:22:44+00,baseline,19,,,,,
2026-04-29 20:22:45+00,baseline,,2.318209,,0,,0.060069700000000004
2026-04-29 20:22:46+00,baseline,,,,,,
2026-04-29 20:22:47+00,baseline,,,6,,,
2026-04-29 20:22:48+00,baseline,19,,,,,
2026-04-29 20:22:49+00,baseline,,,,,,
2026-04-29 20:22:50+00,baseline,,,,0,,
2026-04-29 20:22:51+00,baseline,,,,,,
2026-04-29 20:22:52+00,baseline,,,7,,0.022839,
2026-04-29 20:22:53+00,baseline,19,,,,,
2026-04-29 20:22:54+00,baseline,,,,,,
2026-04-29 20:22:55+00,baseline,,2.221341,,0,,0.05448890000000001
2026-04-29 20:22:56+00,baseline,,,,,,
2026-04-29 20:22:57+00,baseline,,,6,,,
2026-04-29 20:22:58+00,baseline,25,,,,,
2026-04-29 20:22:59+00,baseline,,,,,,
2026-04-29 20:23:00+00,baseline,,,,0,,
2026-04-29 20:23:01+00,baseline,,,,,0.095082,
2026-04-29 20:23:02+00,baseline,,,,,,
2026-04-29 20:23:03+00,baseline,547,,7,,,
2026-04-29 20:23:04+00,baseline,,,,,,
2026-04-29 20:23:05+00,baseline,,2.289628,,0,,0.4385375
2026-04-29 20:23:06+00,baseline,,,,,,
2026-04-29 20:23:07+00,baseline,,,6,,,
2026-04-29 20:23:08+00,baseline,150,,,,,
2026-04-29 20:23:09+00,baseline,,,,,,
2026-04-29 20:23:10+00,baseline,,,,0,,
2026-04-29 20:23:11+00,baseline,,,,,0.012266,
2026-04-29 20:23:12+00,baseline,,,7,,,
2026-04-29 20:23:13+00,baseline,17,,,,,
2026-04-29 20:23:14+00,baseline,,,,,,
2026-04-29 20:23:15+00,baseline,,2.361275,,0,,0.05097430000000001
2026-04-29 20:23:16+00,baseline,,,,,,
2026-04-29 20:23:17+00,baseline,,,6,,,
2026-04-29 20:23:18+00,baseline,17,,,,,
2026-04-29 20:23:19+00,baseline,,,,,,
2026-04-29 20:23:20+00,baseline,,,,0,,
2026-04-29 20:23:21+00,baseline,,,,,0.040772,
2026-04-29 20:23:22+00,baseline,,,7,,,
2026-04-29 20:23:23+00,baseline,19,,,,,
2026-04-29 20:23:24+00,baseline,,,,,,
2026-04-29 20:23:25+00,baseline,,2.36267,,0,,0.0580755
2026-04-29 20:23:26+00,baseline,,,,,,
2026-04-29 20:23:27+00,baseline,,,6,,,
2026-04-29 20:23:28+00,baseline,19,,,,,
2026-04-29 20:23:29+00,baseline,,,,,,
2026-04-29 20:23:30+00,baseline,,,,0,,
2026-04-29 20:23:31+00,baseline,,,,,0.030021,
2026-04-29 20:23:32+00,baseline,,,7,,,
2026-04-29 20:23:33+00,baseline,21,,,,,
2026-04-29 20:23:34+00,baseline,,,,,,
2026-04-29 20:23:35+00,baseline,,2.41393,,0,,0.0573253
2026-04-29 20:23:36+00,baseline,,,,,,
2026-04-29 20:23:37+00,baseline,,,6,,,
2026-04-29 20:23:38+00,baseline,18,,,,,
2026-04-29 20:23:39+00,baseline,,,,,,
2026-04-29 20:23:40+00,baseline,,,,0,,
2026-04-29 20:23:41+00,baseline,,,,,0.043049,
2026-04-29 20:23:42+00,baseline,,,7,,,
2026-04-29 20:23:43+00,baseline,21,,,,,
2026-04-29 20:23:44+00,baseline,,,,,,
2026-04-29 20:23:45+00,baseline,,2.436126,,0,,0.059345
2026-04-29 20:23:46+00,baseline,,,,,,
2026-04-29 20:23:47+00,baseline,,,6,,,
2026-04-29 20:23:48+00,baseline,18,,,,,
2026-04-29 20:23:49+00,baseline,,,,,,
2026-04-29 20:23:50+00,baseline,,,,0,,
2026-04-29 20:23:51+00,baseline,,,,,0.012037,
2026-04-29 20:23:52+00,baseline,,,7,,,
2026-04-29 20:23:53+00,baseline,20,,,,,
2026-04-29 20:23:55+00,baseline,,2.451562,,0,,0.052442600000000006
2026-04-29 20:23:56+00,baseline,,,,,,
2026-04-29 20:23:57+00,baseline,,,6,,,
2026-04-29 20:23:58+00,baseline,25,,,,,
2026-04-29 20:23:59+00,baseline,,,,,,
2026-04-29 20:24:00+00,baseline,,,,0,,
2026-04-29 20:24:01+00,baseline,,,,,0.048629,
2026-04-29 20:24:02+00,baseline,,,7,,,
2026-04-29 20:24:03+00,baseline,20,,,,,
2026-04-29 20:24:04+00,baseline,,,,,,
2026-04-29 20:24:05+00,baseline,,2.468393,,0,,0.059761
2026-04-29 20:24:06+00,baseline,,,,,,
2026-04-29 20:24:07+00,baseline,,,6,,,
2026-04-29 20:24:08+00,baseline,15,,,,,
2026-04-29 20:24:09+00,baseline,,,,,,
2026-04-29 20:24:10+00,baseline,,,,0,,
2026-04-29 20:24:11+00,baseline,,,,,0.008385,
2026-04-29 20:24:12+00,baseline,,,7,,,
2026-04-29 20:24:14+00,baseline,16,,,,,
2026-04-29 20:24:15+00,baseline,,2.40481,,0,,0.0489122
2026-04-29 20:24:16+00,baseline,,,,,,
2026-04-29 20:24:17+00,baseline,,,6,,,
2026-04-29 20:24:18+00,baseline,16,,,,,
2026-04-29 20:24:19+00,baseline,,,,,,
2026-04-29 20:24:20+00,baseline,,,,0,,
2026-04-29 20:24:21+00,baseline,,,,,0.025053,
2026-04-29 20:24:22+00,baseline,,,7,,,
2026-04-29 20:24:23+00,baseline,22,,,,,
2026-04-29 20:24:24+00,baseline,,,,,,
2026-04-29 20:24:25+00,baseline,,2.322322,,0,,0.056445800000000004
2026-04-29 20:24:26+00,baseline,,,,,,
2026-04-29 20:24:27+00,baseline,,,6,,,
2026-04-29 20:24:28+00,baseline,20,,,,,
2026-04-29 20:24:29+00,baseline,,,,,,
2026-04-29 20:24:30+00,baseline,,,,0,,
2026-04-29 20:24:31+00,baseline,,,,,0.046828,
2026-04-29 20:24:32+00,baseline,,,7,,,
2026-04-29 20:24:33+00,baseline,19,,,,,
2026-04-29 20:24:34+00,baseline,,,,,,
2026-04-29 20:24:35+00,baseline,,2.311678,,0,,0.058700800000000004
2026-04-29 20:24:36+00,baseline,,,,,,
2026-04-29 20:24:37+00,baseline,,,6,,,
2026-04-29 20:24:38+00,baseline,20,,,,,
2026-04-29 20:24:39+00,baseline,,,,,,
2026-04-29 20:24:40+00,baseline,,,,0,,
2026-04-29 20:24:41+00,baseline,,,,,,
2026-04-29 20:24:42+00,baseline,,,7,,0.022786,
2026-04-29 20:24:43+00,baseline,20,,,,,
2026-04-29 20:24:44+00,baseline,,,,,,
2026-04-29 20:24:45+00,baseline,,2.317291,,0,,0.05298099999999999
2026-04-29 20:24:46+00,baseline,,,,,,
2026-04-29 20:24:47+00,baseline,,,6,,,
2026-04-29 20:24:48+00,baseline,20,,,,,
2026-04-29 20:24:49+00,baseline,,,,,,
2026-04-29 20:24:50+00,baseline,,,,0,,
2026-04-29 20:24:51+00,baseline,,,,,0.035187,
2026-04-29 20:24:52+00,baseline,,,7,,,
2026-04-29 20:24:53+00,baseline,25,,,,,
2026-04-29 20:24:54+00,baseline,,,,,,
2026-04-29 20:24:55+00,baseline,,2.277228,,0,,0.05896119999999999
2026-04-29 20:24:56+00,baseline,,,,,,
2026-04-29 20:24:57+00,baseline,,,6,,,
2026-04-29 20:24:58+00,baseline,22,,,,,
2026-04-29 20:24:59+00,baseline,,,,,,
2026-04-29 20:25:00+00,baseline,,,,0,,
2026-04-29 20:25:01+00,baseline,,,,,0.100829,
2026-04-29 20:25:02+00,baseline,,,7,,,
2026-04-29 20:25:03+00,baseline,20,,,,,
2026-04-29 20:25:04+00,baseline,,,,,,
2026-04-29 20:25:05+00,baseline,,2.178649,,0,,0.0685896
2026-04-29 20:25:06+00,baseline,,,,,,
2026-04-29 20:25:07+00,baseline,,,6,,,
2026-04-29 20:25:08+00,baseline,16,,,,,
2026-04-29 20:25:09+00,baseline,,,,,,
2026-04-29 20:25:10+00,baseline,,,,0,,
2026-04-29 20:25:11+00,baseline,,,,,0.006969,
2026-04-29 20:25:12+00,baseline,,,7,,,
2026-04-29 20:25:13+00,baseline,18,,,,,
2026-04-29 20:25:14+00,baseline,,,,,,
2026-04-29 20:25:15+00,baseline,,2.192809,,0,,0.0484176
2026-04-29 20:25:16+00,baseline,,,,,,
2026-04-29 20:25:17+00,baseline,,,6,,,
2026-04-29 20:25:18+00,baseline,16,,,,,
2026-04-29 20:25:19+00,baseline,,,,,,
2026-04-29 20:25:20+00,baseline,,,,0,,
2026-04-29 20:25:21+00,baseline,,,,,0.027305,
2026-04-29 20:25:22+00,baseline,,,6,,,
2026-04-29 20:25:23+00,baseline,18,,,,,
2026-04-29 20:25:24+00,baseline,,,,,,
2026-04-29 20:25:25+00,baseline,,2.217822,,0,,0.0524848
2026-04-29 20:25:26+00,baseline,,,,,,
2026-04-29 20:25:27+00,baseline,,,6,,,
2026-04-29 20:25:28+00,baseline,20,,,,,
2026-04-29 20:25:29+00,baseline,,,,,,
2026-04-29 20:25:30+00,baseline,,,,0,,
2026-04-29 20:25:31+00,baseline,,,,,0.025648,
2026-04-29 20:25:32+00,baseline,,,7,,,
2026-04-29 20:25:33+00,baseline,20,,,,,
2026-04-29 20:25:34+00,baseline,,,,,,
2026-04-29 20:25:35+00,baseline,,2.302501,,0,,0.053553399999999994
2026-04-29 20:25:36+00,baseline,,,,,,
2026-04-29 20:25:37+00,baseline,,,6,,,
2026-04-29 20:25:38+00,baseline,18,,,,,
2026-04-29 20:25:39+00,baseline,,,,,,
2026-04-29 20:25:40+00,baseline,,,,0,,
2026-04-29 20:25:41+00,baseline,,,,,0.037127,
2026-04-29 20:25:42+00,baseline,,,7,,,
2026-04-29 20:25:43+00,baseline,20,,,,,
2026-04-29 20:25:44+00,baseline,,,,,,
2026-04-29 20:25:45+00,baseline,,2.369574,,0,,0.07386680000000001
2026-04-29 20:25:46+00,baseline,,,,,,
2026-04-29 20:25:47+00,baseline,,,6,,,
2026-04-29 20:25:48+00,baseline,19,,,,,
2026-04-29 20:25:49+00,baseline,,,,,,
2026-04-29 20:25:50+00,baseline,,,,0,,
2026-04-29 20:25:51+00,baseline,,,,,0.043489,
2026-04-29 20:25:52+00,baseline,,,7,,,
2026-04-29 20:25:53+00,baseline,19,,,,,
2026-04-29 20:25:54+00,baseline,,,,,,
2026-04-29 20:25:55+00,baseline,,2.429311,,0,,0.07443920000000001
2026-04-29 20:25:56+00,baseline,,,,,,
2026-04-29 20:25:57+00,baseline,,,6,,,
2026-04-29 20:25:58+00,baseline,27,,,,,
2026-04-29 20:25:59+00,baseline,,,,,,
2026-04-29 20:26:00+00,baseline,,,,0,,
2026-04-29 20:26:01+00,baseline,,,,,0.022232,
2026-04-29 20:26:02+00,baseline,,,7,,,
2026-04-29 20:26:03+00,baseline,19,,,,,
2026-04-29 20:26:04+00,baseline,,,,,,
2026-04-29 20:26:05+00,baseline,,2.499008,,0,,0.07018780000000001
2026-04-29 20:26:06+00,baseline,,,,,,
2026-04-29 20:26:07+00,baseline,,,6,,,
2026-04-29 20:26:08+00,baseline,15,,,,,
2026-04-29 20:26:09+00,baseline,,,,,,
2026-04-29 20:26:10+00,baseline,,,,0,,
2026-04-29 20:26:11+00,baseline,,,,,0.025743,
2026-04-29 20:26:12+00,baseline,,,7,,,
2026-04-29 20:26:13+00,baseline,18,,,,,
2026-04-29 20:26:14+00,baseline,,,,,,
2026-04-29 20:26:15+00,baseline,,2.507404,,0,,0.07019
2026-04-29 20:26:16+00,baseline,,,,,,
2026-04-29 20:26:17+00,baseline,,,6,,,
2026-04-29 20:26:18+00,baseline,14,,,,,
2026-04-29 20:26:19+00,baseline,,,,,,
2026-04-29 20:26:20+00,baseline,,,,0,,
2026-04-29 20:26:21+00,baseline,,,,,0.010594,
2026-04-29 20:26:22+00,baseline,,,7,,,
2026-04-29 20:26:23+00,baseline,18,,,,,
2026-04-29 20:26:24+00,baseline,,,,,,
2026-04-29 20:26:25+00,baseline,,2.562081,,0,,0.0671602
2026-04-29 20:26:26+00,baseline,,,,,,
2026-04-29 20:26:27+00,baseline,,,6,,,
2026-04-29 20:26:28+00,baseline,23,,,,,
2026-04-29 20:26:29+00,baseline,,,,,,
2026-04-29 20:26:30+00,baseline,,,,0,,
2026-04-29 20:26:31+00,baseline,,,,,,
2026-04-29 20:26:32+00,baseline,,,7,,0.044764,
2026-04-29 20:26:33+00,baseline,20,,,,,
2026-04-29 20:26:34+00,baseline,,,,,,
2026-04-29 20:26:35+00,baseline,,2.709652,,0,,0.07539420000000001
2026-04-29 20:26:36+00,baseline,,,,,,
2026-04-29 20:33:21+00,baseline,,,,,,
2026-04-29 20:33:31+00,baseline,,,,,,
2026-04-29 20:33:41+00,baseline,,,,,,
2026-04-29 20:33:51+00,baseline,,,,,,
2026-04-29 20:34:01+00,baseline,,,,,,
2026-04-29 20:34:11+00,baseline,,,,,,
2026-04-29 20:34:21+00,baseline,,,,,,
2026-04-29 20:34:31+00,baseline,,,,,,
2026-04-29 20:34:41+00,baseline,,,,,,
2026-04-29 20:34:51+00,baseline,,,,,,
2026-04-29 20:35:01+00,baseline,,,,,,
2026-04-29 20:35:11+00,baseline,,,,,,
2026-04-29 20:35:21+00,baseline,,,,,,
2026-04-29 20:35:31+00,baseline,,,,,,
2026-04-29 20:35:41+00,baseline,,,,,,
2026-04-29 20:35:51+00,baseline,,,,,,
2026-04-29 20:36:01+00,baseline,,,,,,
2026-04-29 20:36:11+00,baseline,,,,,,
2026-04-29 20:36:21+00,baseline,,,,,,
2026-04-29 20:36:31+00,baseline,,,,,,
2026-04-29 20:36:41+00,baseline,,,,,,
2026-04-29 20:36:51+00,baseline,,,,,,
2026-04-29 20:37:01+00,baseline,,,,,,
2026-04-29 20:37:11+00,baseline,,,,,,
2026-04-29 20:37:21+00,baseline,,,,,,
2026-04-29 20:37:31+00,baseline,,,,,,
2026-04-29 20:37:41+00,baseline,,,,,,
2026-04-29 20:37:51+00,baseline,,,,,,
2026-04-29 20:38:01+00,baseline,,,,,,
2026-04-29 20:38:11+00,baseline,,,,,,
2026-04-29 20:38:21+00,baseline,,,,,,
2026-04-29 20:38:31+00,baseline,,,,,,
2026-04-29 20:38:41+00,baseline,,,,,,
2026-04-29 20:38:51+00,baseline,,,,,,
2026-04-29 20:39:01+00,baseline,,,,,,
2026-04-29 20:39:11+00,baseline,,,,,,
2026-04-29 20:39:21+00,baseline,,,,,,
2026-04-29 20:39:31+00,baseline,,,,,,
2026-04-29 20:39:41+00,baseline,,,,,0.00801,
2026-04-29 20:39:51+00,baseline,,,,,0.004998,
2026-04-29 20:40:01+00,baseline,,,,,0.004693,
2026-04-29 20:40:05+00,baseline,,0.442556,1,0,,0.016159299999999998
2026-04-29 20:40:06+00,baseline,,,,,,
2026-04-29 20:40:07+00,baseline,,,1,,,
2026-04-29 20:40:08+00,baseline,40,,,,,
2026-04-29 20:40:09+00,baseline,,,,,,
2026-04-29 20:40:10+00,baseline,,,,0,,
2026-04-29 20:40:11+00,baseline,,,,,0.005245,
2026-04-29 20:40:12+00,baseline,,,2,,,
2026-04-29 20:40:13+00,baseline,15,,,,,
2026-04-29 20:40:14+00,baseline,,,,,,
2026-04-29 20:40:15+00,baseline,,0.548867,,0,,0.012769699999999998
2026-04-29 20:40:16+00,baseline,,,,,,
2026-04-29 20:40:17+00,baseline,,,2,,,
2026-04-29 20:40:18+00,baseline,15,,,,,
2026-04-29 20:40:19+00,baseline,,,,,,
2026-04-29 20:40:20+00,baseline,,,,0,,
2026-04-29 20:40:21+00,baseline,,,,,0.004945,
2026-04-29 20:40:22+00,baseline,,,3,,,
2026-04-29 20:40:23+00,baseline,19,,,,,
2026-04-29 20:40:24+00,baseline,,,,,,
2026-04-29 20:40:25+00,baseline,,0.601238,,0,,0.0155097
2026-04-29 20:40:26+00,baseline,,,,,,
2026-04-29 20:40:27+00,baseline,,,3,,,
2026-04-29 20:40:28+00,baseline,19,,,,,
2026-04-29 20:40:29+00,baseline,,,,,,
2026-04-29 20:40:30+00,baseline,,,,0,,
2026-04-29 20:40:31+00,baseline,,,,,0.101335,
2026-04-29 20:40:32+00,baseline,,,4,,,
2026-04-29 20:40:33+00,baseline,20,,,,,
2026-04-29 20:40:34+00,baseline,,,,,,
2026-04-29 20:40:35+00,baseline,,0.656145,,0,,0.0354877
2026-04-29 20:40:36+00,baseline,,,,,,
2026-04-29 20:40:37+00,baseline,,,4,,,
2026-04-29 20:40:38+00,baseline,16,,,,,
2026-04-29 20:40:39+00,baseline,,,,,,
2026-04-29 20:40:40+00,baseline,,,,0,,
2026-04-29 20:40:41+00,baseline,,,,,0.005244,
2026-04-29 20:40:42+00,baseline,,,5,,,
2026-04-29 20:40:43+00,baseline,19,,,,,
2026-04-29 20:40:44+00,baseline,,,,,,
2026-04-29 20:40:45+00,baseline,,0.691367,,0,,0.0148371
2026-04-29 20:40:46+00,baseline,,,,,,
2026-04-29 20:40:47+00,baseline,,,5,,,
2026-04-29 20:40:48+00,baseline,17,,,,,
2026-04-29 20:40:49+00,baseline,,,,,,
2026-04-29 20:40:50+00,baseline,,,,0,,
2026-04-29 20:40:51+00,baseline,,,,,0.006572,
2026-04-29 20:40:52+00,baseline,,,6,,,
2026-04-29 20:40:53+00,baseline,20,,,,,
2026-04-29 20:40:54+00,baseline,,,,,,
2026-04-29 20:40:55+00,baseline,,0.742706,,0,,0.0158027
2026-04-29 20:40:56+00,baseline,,,,,,
2026-04-29 20:40:57+00,baseline,,,6,,,
2026-04-29 20:40:58+00,baseline,21,,,,,
2026-04-29 20:40:59+00,baseline,,,,,,
2026-04-29 20:41:00+00,baseline,,,,0,,
2026-04-29 20:41:01+00,baseline,,,,,0.010021,
2026-04-29 20:41:02+00,baseline,,,7,,,
2026-04-29 20:41:03+00,baseline,17,,,,,
2026-04-29 20:41:04+00,baseline,,,,,,
2026-04-29 20:41:05+00,baseline,,0.779865,,0,,0.014392500000000003
2026-04-29 20:41:06+00,baseline,,,,,,
2026-04-29 20:41:07+00,baseline,,,6,,,
2026-04-29 20:41:08+00,baseline,15,,,,,
2026-04-29 20:41:09+00,baseline,,,,,,
2026-04-29 20:41:10+00,baseline,,,,0,,
2026-04-29 20:41:11+00,baseline,,,,,0.012053,
2026-04-29 20:41:12+00,baseline,,,7,,,
2026-04-29 20:41:13+00,baseline,17,,,,,
2026-04-29 20:41:14+00,baseline,,,,,,
2026-04-29 20:41:15+00,baseline,,0.72863,,0,,0.014798900000000002
2026-04-29 20:41:16+00,baseline,,,,,,
2026-04-29 20:41:17+00,baseline,,,6,,,
2026-04-29 20:41:18+00,baseline,14,,,,,
2026-04-29 20:41:19+00,baseline,,,,,,
2026-04-29 20:41:20+00,baseline,,,,0,,
2026-04-29 20:41:21+00,baseline,,,,,0.011801,
2026-04-29 20:41:22+00,baseline,,,7,,,
2026-04-29 20:41:23+00,baseline,17,,,,,
2026-04-29 20:41:24+00,baseline,,,,,,
2026-04-29 20:41:25+00,baseline,,0.746932,,0,,0.014748500000000001
2026-04-29 20:41:26+00,baseline,,,,,,
2026-04-29 20:41:27+00,baseline,,,6,,,
2026-04-29 20:41:28+00,baseline,20,,,,,
2026-04-29 20:41:29+00,baseline,,,,,,
2026-04-29 20:41:30+00,baseline,,,,0,,
2026-04-29 20:41:31+00,baseline,,,,,0.011457,
2026-04-29 20:41:32+00,baseline,,,7,,,
2026-04-29 20:41:33+00,baseline,20,,,,,
2026-04-29 20:41:34+00,baseline,,,,,,
2026-04-29 20:41:35+00,baseline,,0.727983,,0,,0.016779699999999998
2026-04-29 20:41:36+00,baseline,,,,,,
2026-04-29 20:41:37+00,baseline,,,6,,,
2026-04-29 20:41:38+00,baseline,15,,,,,
2026-04-29 20:41:39+00,baseline,,,,,,
2026-04-29 20:41:40+00,baseline,,,,0,,
2026-04-29 20:41:41+00,baseline,,,,,0.006377,
2026-04-29 20:41:42+00,baseline,,,7,,,
2026-04-29 20:41:43+00,baseline,18,,,,,
2026-04-29 20:41:44+00,baseline,,,,,,
2026-04-29 20:41:45+00,baseline,,0.746932,,0,,0.013875399999999998
2026-04-29 20:41:46+00,baseline,,,,,,
2026-04-29 20:41:47+00,baseline,,,6,,,
2026-04-29 20:41:48+00,baseline,17,,,,,
2026-04-29 20:41:49+00,baseline,,,,,,
2026-04-29 20:41:50+00,baseline,,,,0,,
2026-04-29 20:41:51+00,baseline,,,,,,
2026-04-29 20:41:52+00,baseline,,,7,,0.079168,
2026-04-29 20:41:53+00,baseline,19,,,,,
2026-04-29 20:41:54+00,baseline,,,,,,
2026-04-29 20:41:55+00,baseline,,0.766215,,0,,0.0291336
2026-04-29 20:41:56+00,baseline,,,,,,
2026-04-29 20:41:57+00,baseline,,,6,,,
2026-04-29 20:41:58+00,baseline,22,,,,,
2026-04-29 20:41:59+00,baseline,,,,,,
2026-04-29 20:42:00+00,baseline,,,,0,,
2026-04-29 20:42:01+00,baseline,,,,,0.004512,
2026-04-29 20:42:02+00,baseline,,,7,,,
2026-04-29 20:42:03+00,baseline,17,,,,,
2026-04-29 20:42:04+00,baseline,,,,,,
2026-04-29 20:42:05+00,baseline,,0.766079,,0,,0.0128024
2026-04-29 20:42:06+00,baseline,,,,,,
2026-04-29 20:42:07+00,baseline,,,6,,,
2026-04-29 20:42:08+00,baseline,13,,,,,
2026-04-29 20:42:09+00,baseline,,,,,,
2026-04-29 20:42:10+00,baseline,,,,0,,
2026-04-29 20:42:11+00,baseline,,,,,0.00745,
2026-04-29 20:42:12+00,baseline,,,7,,,
2026-04-29 20:42:13+00,baseline,15,,,,,
2026-04-29 20:42:14+00,baseline,,,,,,
2026-04-29 20:42:15+00,baseline,,0.74813,,0,,0.011989999999999999
2026-04-29 20:42:16+00,baseline,,,,,,
2026-04-29 20:42:17+00,baseline,,,6,,,
2026-04-29 20:42:18+00,baseline,16,,,,,
2026-04-29 20:42:19+00,baseline,,,,,,
2026-04-29 20:42:20+00,baseline,,,,0,,
2026-04-29 20:42:21+00,baseline,,,,,0.007013,
2026-04-29 20:42:22+00,baseline,,,7,,,
2026-04-29 20:42:23+00,baseline,18,,,,,
2026-04-29 20:42:24+00,baseline,,,,,,
2026-04-29 20:42:25+00,baseline,,0.728759,,0,,0.014002599999999999
2026-04-29 20:42:26+00,baseline,,,,,,
2026-04-29 20:42:27+00,baseline,,,6,,,
2026-04-29 20:42:28+00,baseline,18,,,,,
2026-04-29 20:42:29+00,baseline,,,,,,
2026-04-29 20:42:30+00,baseline,,,,0,,
2026-04-29 20:42:31+00,baseline,,,,,0.011933,
2026-04-29 20:42:32+00,baseline,,,7,,,
2026-04-29 20:42:33+00,baseline,18,,,,,
2026-04-29 20:42:34+00,baseline,,,,,,
2026-04-29 20:42:35+00,baseline,,0.71048,,0,,0.0149866
2026-04-29 20:42:36+00,baseline,,,,,,
2026-04-29 20:42:37+00,baseline,,,6,,,
2026-04-29 20:42:38+00,baseline,17,,,,,
2026-04-29 20:42:39+00,baseline,,,,,,
2026-04-29 20:42:40+00,baseline,,,,0,,
2026-04-29 20:42:41+00,baseline,,,,,0.006885,
2026-04-29 20:42:42+00,baseline,,,7,,,
2026-04-29 20:42:43+00,baseline,18,,,,,
2026-04-29 20:42:44+00,baseline,,,,,,
2026-04-29 20:42:45+00,baseline,,0.71048,,0,,0.020666499999999997
2026-04-29 20:42:46+00,baseline,,,,,,
2026-04-29 20:42:47+00,baseline,,,6,,,
2026-04-29 20:42:48+00,baseline,18,,,,,
2026-04-29 20:42:49+00,baseline,,,,,,
2026-04-29 20:42:50+00,baseline,,,,0,,
2026-04-29 20:42:51+00,baseline,,,,,0.008038,
2026-04-29 20:42:52+00,baseline,,,7,,,
2026-04-29 20:42:53+00,baseline,24,,,,,
2026-04-29 20:42:54+00,baseline,,,,,,
2026-04-29 20:42:55+00,baseline,,0.690999,,0,,0.0250971
2026-04-29 20:42:56+00,baseline,,,,,,
2026-04-29 20:42:57+00,baseline,,,6,,,
2026-04-29 20:42:58+00,baseline,21,,,,,
2026-04-29 20:42:59+00,baseline,,,,,,
2026-04-29 20:43:00+00,baseline,,,,0,,
2026-04-29 20:43:01+00,baseline,,,,,0.013493,
2026-04-29 20:43:02+00,baseline,,,7,,,
2026-04-29 20:43:03+00,baseline,17,,,,,
2026-04-29 20:43:04+00,baseline,,,,,,
2026-04-29 20:43:05+00,baseline,,0.692964,,0,,0.0212881
2026-04-29 20:43:06+00,baseline,,,,,,
2026-04-29 20:43:07+00,baseline,,,6,,,
2026-04-29 20:43:08+00,baseline,14,,,,,
2026-04-29 20:43:09+00,baseline,,,,,,
2026-04-29 20:43:10+00,baseline,,,,0,,
2026-04-29 20:43:11+00,baseline,,,,,0.011798,
2026-04-29 20:43:12+00,baseline,,,7,,,
2026-04-29 20:43:13+00,baseline,15,,,,,
2026-04-29 20:43:14+00,baseline,,,,,,
2026-04-29 20:43:15+00,baseline,,0.729148,,0,,0.0195491
2026-04-29 20:43:16+00,baseline,,,,,,
2026-04-29 20:43:17+00,baseline,,,6,,,
2026-04-29 20:43:18+00,baseline,15,,,,,
2026-04-29 20:43:19+00,baseline,,,,,,
2026-04-29 20:43:20+00,baseline,,,,0,,
2026-04-29 20:43:21+00,baseline,,,,,0.005176,
2026-04-29 20:43:22+00,baseline,,,7,,,
2026-04-29 20:43:23+00,baseline,18,,,,,
2026-04-29 20:43:24+00,baseline,,,,,,
2026-04-29 20:43:25+00,baseline,,0.713521,,0,,0.020324699999999998
2026-04-29 20:43:26+00,baseline,,,,,,
2026-04-29 20:43:27+00,baseline,,,6,,,
2026-04-29 20:43:28+00,baseline,19,,,,,
2026-04-29 20:43:29+00,baseline,,,,,,
2026-04-29 20:43:30+00,baseline,,,,0,,
2026-04-29 20:43:31+00,baseline,,,,,0.008176,
2026-04-29 20:43:32+00,baseline,,,7,,,
2026-04-29 20:43:33+00,baseline,19,,,,,
2026-04-29 20:43:34+00,baseline,,,,,,
2026-04-29 20:43:35+00,baseline,,0.73162,,0,,0.0216247
2026-04-29 20:43:36+00,baseline,,,,,,
2026-04-29 20:43:37+00,baseline,,,6,,,
2026-04-29 20:43:38+00,baseline,16,,,,,
2026-04-29 20:43:39+00,baseline,,,,,,
2026-04-29 20:43:40+00,baseline,,,,0,,
2026-04-29 20:43:41+00,baseline,,,,,0.00972,
2026-04-29 20:43:42+00,baseline,,,7,,,
2026-04-29 20:43:43+00,baseline,18,,,,,
2026-04-29 20:43:44+00,baseline,,,,,,
2026-04-29 20:43:45+00,baseline,,0.752014,,0,,0.0167901
2026-04-29 20:43:46+00,baseline,,,,,,
2026-04-29 20:43:47+00,baseline,,,6,,,
2026-04-29 20:43:48+00,baseline,17,,,,,
2026-04-29 20:43:49+00,baseline,,,,,,
2026-04-29 20:43:50+00,baseline,,,,0,,
2026-04-29 20:43:51+00,baseline,,,,,0.010324,
2026-04-29 20:43:52+00,baseline,,,7,,,
2026-04-29 20:43:53+00,baseline,19,,,,,
2026-04-29 20:43:54+00,baseline,,,,,,
2026-04-29 20:43:55+00,baseline,,0.752553,,0,,0.0176109
2026-04-29 20:43:56+00,baseline,,,,,,
2026-04-29 20:43:57+00,baseline,,,6,,,
2026-04-29 20:43:58+00,baseline,21,,,,,
2026-04-29 20:43:59+00,baseline,,,,,,
2026-04-29 20:44:00+00,baseline,,,,0,,
2026-04-29 20:44:01+00,baseline,,,,,0.008802,
2026-04-29 20:44:02+00,baseline,,,7,,,
2026-04-29 20:44:03+00,baseline,18,,,,,
2026-04-29 20:44:04+00,baseline,,,,,,
2026-04-29 20:44:05+00,baseline,,0.751476,,0,,0.016606499999999996
2026-04-29 20:44:06+00,baseline,,,,,,
2026-04-29 20:44:07+00,baseline,,,6,,,
2026-04-29 20:44:08+00,baseline,14,,,,,
2026-04-29 20:44:09+00,baseline,,,,,,
2026-04-29 20:44:10+00,baseline,,,,0,,
2026-04-29 20:44:11+00,baseline,,,,,0.003487,
2026-04-29 20:44:12+00,baseline,,,7,,,
2026-04-29 20:44:13+00,baseline,15,,,,,
2026-04-29 20:44:14+00,baseline,,,,,,
2026-04-29 20:44:15+00,baseline,,0.767172,,0,,0.0134435
2026-04-29 20:44:16+00,baseline,,,,,,
2026-04-29 20:44:17+00,baseline,,,6,,,
2026-04-29 20:44:18+00,baseline,15,,,,,
2026-04-29 20:44:19+00,baseline,,,,,,
2026-04-29 20:44:20+00,baseline,,,,0,,
2026-04-29 20:44:21+00,baseline,,,,,0.004025,
2026-04-29 20:44:22+00,baseline,,,7,,,
2026-04-29 20:44:23+00,baseline,17,,,,,
2026-04-29 20:44:24+00,baseline,,,,,,
2026-04-29 20:44:25+00,baseline,,0.765397,,0,,0.014951100000000002
2026-04-29 20:44:26+00,baseline,,,,,,
2026-04-29 20:44:27+00,baseline,,,6,,,
2026-04-29 20:44:28+00,baseline,19,,,,,
2026-04-29 20:44:29+00,baseline,,,,,,
2026-04-29 20:44:30+00,baseline,,,,0,,
2026-04-29 20:44:31+00,baseline,,,,,0.035267,
2026-04-29 20:44:32+00,baseline,,,7,,,
2026-04-29 20:44:33+00,baseline,18,,,,,
2026-04-29 20:44:34+00,baseline,,,,,,
2026-04-29 20:44:35+00,baseline,,0.765261,,0,,0.0218995
2026-04-29 20:44:36+00,baseline,,,,,,
2026-04-29 20:44:37+00,baseline,,,6,,,
2026-04-29 20:44:38+00,baseline,15,,,,,
2026-04-29 20:44:39+00,baseline,,,,,,
2026-04-29 20:44:40+00,baseline,,,,0,,
2026-04-29 20:44:41+00,baseline,,,,,0.049947,
2026-04-29 20:44:42+00,baseline,,,7,,,
2026-04-29 20:44:43+00,baseline,18,,,,,
2026-04-29 20:44:44+00,baseline,,,,,,
2026-04-29 20:44:45+00,baseline,,0.744021,,0,,0.0231753
2026-04-29 20:44:46+00,baseline,,,,,,
2026-04-29 20:44:47+00,baseline,,,6,,,
2026-04-29 20:44:48+00,baseline,17,,,,,
2026-04-29 20:44:49+00,baseline,,,,,,
2026-04-29 20:44:50+00,baseline,,,,0,,
2026-04-29 20:44:51+00,baseline,,,,,0.017904,
2026-04-29 20:44:52+00,baseline,,,7,,,
2026-04-29 20:44:53+00,baseline,19,,,,,
2026-04-29 20:44:54+00,baseline,,,,,,
2026-04-29 20:44:55+00,baseline,,0.745342,,0,,0.0174667
2026-04-29 20:44:56+00,baseline,,,,,,
2026-04-29 20:44:57+00,baseline,,,6,,,
2026-04-29 20:44:58+00,baseline,21,,,,,
2026-04-29 20:44:59+00,baseline,,,,,,
2026-04-29 20:45:00+00,baseline,,,,0,,
2026-04-29 20:45:01+00,baseline,,,,,0.069345,
2026-04-29 20:45:02+00,baseline,,,7,,,
2026-04-29 20:45:03+00,baseline,20,,,,,
2026-04-29 20:45:04+00,baseline,,,,,,
2026-04-29 20:45:05+00,baseline,,0.762547,,0,,0.028454899999999998
2026-04-29 20:45:06+00,baseline,,,,,,
2026-04-29 20:45:07+00,baseline,,,6,,,
2026-04-29 20:45:08+00,baseline,15,,,,,
2026-04-29 20:45:09+00,baseline,,,,,,
2026-04-29 20:45:10+00,baseline,,,,0,,
2026-04-29 20:45:11+00,baseline,,,,,0.018232,
2026-04-29 20:45:12+00,baseline,,,7,,,
2026-04-29 20:45:13+00,baseline,14,,,,,
2026-04-29 20:45:14+00,baseline,,,,,,
2026-04-29 20:45:15+00,baseline,,0.745739,,0,,0.014032300000000001
2026-04-29 20:45:16+00,baseline,,,,,,
2026-04-29 20:45:17+00,baseline,,,6,,,
2026-04-29 20:45:18+00,baseline,16,,,,,
2026-04-29 20:45:19+00,baseline,,,,,,
2026-04-29 20:45:20+00,baseline,,,,0,,
2026-04-29 20:45:21+00,baseline,,,,,0.00779,
2026-04-29 20:45:22+00,baseline,,,7,,,
2026-04-29 20:45:23+00,baseline,17,,,,,
2026-04-29 20:45:24+00,baseline,,,,,,
2026-04-29 20:45:25+00,baseline,,0.74773,,0,,0.014043900000000002
2026-04-29 20:45:26+00,baseline,,,,,,
2026-04-29 20:45:27+00,baseline,,,6,,,
2026-04-29 20:45:28+00,baseline,19,,,,,
2026-04-29 20:45:29+00,baseline,,,,,,
2026-04-29 20:45:30+00,baseline,,,,0,,
2026-04-29 20:45:31+00,baseline,,,,,0.014546,
2026-04-29 20:45:32+00,baseline,,,7,,,
2026-04-29 20:45:33+00,baseline,18,,,,,
2026-04-29 20:45:34+00,baseline,,,,,,
2026-04-29 20:45:35+00,baseline,,0.765397,,0,,0.016095099999999998
2026-04-29 20:45:36+00,baseline,,,,,,
2026-04-29 20:45:37+00,baseline,,,6,,,
2026-04-29 20:45:38+00,baseline,17,,,,,
2026-04-29 20:45:39+00,baseline,,,,,,
2026-04-29 20:45:40+00,baseline,,,,0,,
2026-04-29 20:45:41+00,baseline,,,,,,
2026-04-29 20:45:42+00,baseline,,,7,,0.014291,
2026-04-29 20:45:43+00,baseline,17,,,,,
2026-04-29 20:45:44+00,baseline,,,,,,
2026-04-29 20:45:45+00,baseline,,0.747464,,0,,0.0147582
2026-04-29 20:45:46+00,baseline,,,,,,
2026-04-29 20:45:47+00,baseline,,,6,,,
2026-04-29 20:45:48+00,baseline,19,,,,,
2026-04-29 20:45:49+00,baseline,,,,,,
2026-04-29 20:45:50+00,baseline,,,,0,,
2026-04-29 20:45:51+00,baseline,,,,,0.058963,
2026-04-29 20:45:52+00,baseline,,,7,,,
2026-04-29 20:45:53+00,baseline,24,,,,,
2026-04-29 20:45:54+00,baseline,,,,,,
2026-04-29 20:45:55+00,baseline,,0.748663,,0,,0.0285926
2026-04-29 20:45:56+00,baseline,,,,,,
2026-04-29 20:45:57+00,baseline,,,6,,,
2026-04-29 20:45:58+00,baseline,21,,,,,
2026-04-29 20:45:59+00,baseline,,,,,,
2026-04-29 20:46:00+00,baseline,,,,0,,
2026-04-29 20:46:01+00,baseline,,,,,0.013785,
2026-04-29 20:46:02+00,baseline,,,7,,,
2026-04-29 20:46:03+00,baseline,17,,,,,
2026-04-29 20:46:04+00,baseline,,,,,,
2026-04-29 20:46:05+00,baseline,,0.711744,,0,,0.014657000000000002
2026-04-29 20:46:06+00,baseline,,,,,,
2026-04-29 20:46:07+00,baseline,,,6,,,
2026-04-29 20:46:08+00,baseline,14,,,,,
2026-04-29 20:46:09+00,baseline,,,,,,
2026-04-29 20:46:10+00,baseline,,,,0,,
2026-04-29 20:46:11+00,baseline,,,,,0.007548,
2026-04-29 20:46:12+00,baseline,,,7,,,
2026-04-29 20:46:13+00,baseline,17,,,,,
2026-04-29 20:46:14+00,baseline,,,,,,
2026-04-29 20:46:15+00,baseline,,0.711238,,0,,0.0134096
2026-04-29 20:46:16+00,baseline,,,,,,
2026-04-29 20:46:17+00,baseline,,,6,,,
2026-04-29 20:46:18+00,baseline,14,,,,,
2026-04-29 20:46:19+00,baseline,,,,,,
2026-04-29 20:46:20+00,baseline,,,,0,,
2026-04-29 20:46:21+00,baseline,,,,,0.005574,
2026-04-29 20:46:22+00,baseline,,,7,,,
2026-04-29 20:46:23+00,baseline,17,,,,,
2026-04-29 20:46:24+00,baseline,,,,,,
2026-04-29 20:46:25+00,baseline,,0.727725,,0,,0.0130148
2026-04-29 20:46:26+00,baseline,,,,,,
2026-04-29 20:46:27+00,baseline,,,6,,,
2026-04-29 20:46:28+00,baseline,19,,,,,
2026-04-29 20:46:29+00,baseline,,,,,,
2026-04-29 20:46:30+00,baseline,,,,0,,
2026-04-29 20:46:31+00,baseline,,,,,0.007669,
2026-04-29 20:46:32+00,baseline,,,7,,,
2026-04-29 20:46:33+00,baseline,19,,,,,
2026-04-29 20:46:34+00,baseline,,,,,,
2026-04-29 20:46:35+00,baseline,,0.728242,,0,,0.0148338
2026-04-29 20:46:36+00,baseline,,,,,,
2026-04-29 20:46:37+00,baseline,,,6,,,
2026-04-29 20:46:38+00,baseline,15,,,,,
2026-04-29 20:46:39+00,baseline,,,,,,
2026-04-29 20:46:40+00,baseline,,,,0,,
2026-04-29 20:46:41+00,baseline,,,,,0.010497,
2026-04-29 20:46:42+00,baseline,,,7,,,
2026-04-29 20:46:43+00,baseline,19,,,,,
2026-04-29 20:46:44+00,baseline,,,,,,
2026-04-29 20:46:45+00,baseline,,0.74853,,0,,0.0227236
2026-04-29 20:46:46+00,baseline,,,,,,
2026-04-29 20:46:47+00,baseline,,,6,,,
2026-04-29 20:46:48+00,baseline,17,,,,,
2026-04-29 20:46:49+00,baseline,,,,,,
2026-04-29 20:46:50+00,baseline,,,,0,,
2026-04-29 20:46:51+00,baseline,,,,,0.010321,
2026-04-29 20:46:52+00,baseline,,,7,,,
2026-04-29 20:46:53+00,baseline,19,,,,,
2026-04-29 20:46:54+00,baseline,,,,,,
2026-04-29 20:46:55+00,baseline,,0.748797,,0,,0.022688399999999997
2026-04-29 20:46:56+00,baseline,,,,,,
2026-04-29 20:46:57+00,baseline,,,6,,,
2026-04-29 20:46:58+00,baseline,23,,,,,
2026-04-29 20:46:59+00,baseline,,,,,,
2026-04-29 20:47:00+00,baseline,,,,0,,
2026-04-29 20:47:01+00,baseline,,,,,0.033531,
2026-04-29 20:47:02+00,baseline,,,7,,,
2026-04-29 20:47:03+00,baseline,17,,,,,
2026-04-29 20:47:04+00,baseline,,,,,,
2026-04-29 20:47:05+00,baseline,,0.767583,,0,,0.0259304
2026-04-29 20:47:06+00,baseline,,,,,,
2026-04-29 20:47:07+00,baseline,,,6,,,
2026-04-29 20:47:08+00,baseline,14,,,,,
2026-04-29 20:47:09+00,baseline,,,,,,
2026-04-29 20:47:10+00,baseline,,,,0,,
2026-04-29 20:47:11+00,baseline,,,,,0.005058,
2026-04-29 20:47:12+00,baseline,,,7,,,
2026-04-29 20:47:13+00,baseline,16,,,,,
2026-04-29 20:47:14+00,baseline,,,,,,
2026-04-29 20:47:15+00,baseline,,0.784593,,0,,0.019535800000000002
2026-04-29 20:47:16+00,baseline,,,,,,
2026-04-29 20:47:17+00,baseline,,,6,,,
2026-04-29 20:47:18+00,baseline,15,,,,,
2026-04-29 20:47:19+00,baseline,,,,,,
2026-04-29 20:47:20+00,baseline,,,,0,,
2026-04-29 20:47:21+00,baseline,,,,,0.009881,
2026-04-29 20:47:22+00,baseline,,,7,,,
2026-04-29 20:47:23+00,baseline,16,,,,,
2026-04-29 20:47:24+00,baseline,,,,,,
2026-04-29 20:47:25+00,baseline,,0.768269,,0,,0.020500400000000002
2026-04-29 20:47:26+00,baseline,,,,,,
2026-04-29 20:47:27+00,baseline,,,6,,,
2026-04-29 20:47:28+00,baseline,18,,,,,
2026-04-29 20:47:29+00,baseline,,,,,,
2026-04-29 20:47:30+00,baseline,,,,0,,
2026-04-29 20:47:31+00,baseline,,,,,0.006828,
2026-04-29 20:47:32+00,baseline,,,7,,,
2026-04-29 20:47:33+00,baseline,20,,,,,
2026-04-29 20:47:34+00,baseline,,,,,,
2026-04-29 20:47:35+00,baseline,,0.766899,,0,,0.0226898
2026-04-29 20:47:36+00,baseline,,,,,,
2026-04-29 20:47:37+00,baseline,,,6,,,
2026-04-29 20:47:38+00,baseline,16,,,,,
2026-04-29 20:47:39+00,baseline,,,,,,
2026-04-29 20:47:40+00,baseline,,,,0,,
2026-04-29 20:47:41+00,baseline,,,,,0.00604,
2026-04-29 20:47:42+00,baseline,,,7,,,
2026-04-29 20:47:43+00,baseline,18,,,,,
2026-04-29 20:47:44+00,baseline,,,,,,
2026-04-29 20:47:45+00,baseline,,0.747464,,0,,0.0198139
2026-04-29 20:47:46+00,baseline,,,,,,
2026-04-29 20:47:47+00,baseline,,,6,,,
2026-04-29 20:47:48+00,baseline,16,,,,,
2026-04-29 20:47:49+00,baseline,,,,,,
2026-04-29 20:47:50+00,baseline,,,,0,,
2026-04-29 20:47:51+00,baseline,,,,,0.011895,
2026-04-29 20:47:52+00,baseline,,,7,,,
2026-04-29 20:47:53+00,baseline,19,,,,,
2026-04-29 20:47:54+00,baseline,,,,,,
2026-04-29 20:47:55+00,baseline,,0.746534,,0,,0.0216849
2026-04-29 20:47:56+00,baseline,,,,,,
2026-04-29 20:47:57+00,baseline,,,6,,,
2026-04-29 20:47:58+00,baseline,23,,,,,
2026-04-29 20:47:59+00,baseline,,,,,,
2026-04-29 20:48:00+00,baseline,,,,0,,
2026-04-29 20:48:01+00,baseline,,,,,0.004279,
2026-04-29 20:48:02+00,baseline,,,7,,,
2026-04-29 20:48:03+00,baseline,18,,,,,
2026-04-29 20:48:04+00,baseline,,,,,,
2026-04-29 20:48:05+00,baseline,,0.747331,,0,,0.0194617
2026-04-29 20:48:06+00,baseline,,,,,,
2026-04-29 20:48:07+00,baseline,,,6,,,
2026-04-29 20:48:08+00,baseline,13,,,,,
2026-04-29 20:48:09+00,baseline,,,,,,
2026-04-29 20:48:10+00,baseline,,,,0,,
2026-04-29 20:48:11+00,baseline,,,,,0.006207,
2026-04-29 20:48:12+00,baseline,,,7,,,
2026-04-29 20:48:13+00,baseline,17,,,,,
2026-04-29 20:48:14+00,baseline,,,,,,
2026-04-29 20:48:15+00,baseline,,0.730708,,0,,0.019147300000000003
2026-04-29 20:48:16+00,baseline,,,,,,
2026-04-29 20:48:17+00,baseline,,,6,,,
2026-04-29 20:48:18+00,baseline,15,,,,,
2026-04-29 20:48:19+00,baseline,,,,,,
2026-04-29 20:48:20+00,baseline,,,,0,,
2026-04-29 20:48:21+00,baseline,,,,,0.004427,
2026-04-29 20:48:22+00,baseline,,,7,,,
2026-04-29 20:48:23+00,baseline,16,,,,,
2026-04-29 20:48:24+00,baseline,,,,,,
2026-04-29 20:48:25+00,baseline,,0.74813,,0,,0.0180913
2026-04-29 20:48:26+00,baseline,,,,,,
2026-04-29 20:48:27+00,baseline,,,6,,,
2026-04-29 20:48:28+00,baseline,19,,,,,
2026-04-29 20:48:29+00,baseline,,,,,,
2026-04-29 20:48:30+00,baseline,,,,0,,
2026-04-29 20:48:31+00,baseline,,,,,0.012637,
2026-04-29 20:48:32+00,baseline,,,7,,,
2026-04-29 20:48:33+00,baseline,18,,,,,
2026-04-29 20:48:34+00,baseline,,,,,,
2026-04-29 20:48:35+00,baseline,,0.766352,,0,,0.021133299999999997
2026-04-29 20:48:36+00,baseline,,,,,,
2026-04-29 20:48:37+00,baseline,,,6,,,
2026-04-29 20:48:38+00,baseline,16,,,,,
2026-04-29 20:48:39+00,baseline,,,,,,
2026-04-29 20:48:40+00,baseline,,,,0,,
2026-04-29 20:48:41+00,baseline,,,,,0.007582,
2026-04-29 20:48:42+00,baseline,,,7,,,
2026-04-29 20:48:43+00,baseline,19,,,,,
2026-04-29 20:48:44+00,baseline,,,,,,
2026-04-29 20:48:45+00,baseline,,0.784174,,0,,0.0209687
2026-04-29 20:48:46+00,baseline,,,,,,
2026-04-29 20:48:47+00,baseline,,,6,,,
2026-04-29 20:48:48+00,baseline,17,,,,,
2026-04-29 20:48:49+00,baseline,,,,,,
2026-04-29 20:48:50+00,baseline,,,,0,,
2026-04-29 20:48:51+00,baseline,,,,,0.005677,
2026-04-29 20:48:52+00,baseline,,,7,,,
2026-04-29 20:48:53+00,baseline,22,,,,,
2026-04-29 20:48:54+00,baseline,,,,,,
2026-04-29 20:48:55+00,baseline,,0.784593,,0,,0.022687699999999998
2026-04-29 20:48:56+00,baseline,,,,,,
2026-04-29 20:48:57+00,baseline,,,6,,,
2026-04-29 20:48:58+00,baseline,22,,,,,
2026-04-29 20:48:59+00,baseline,,,,,,
2026-04-29 20:49:00+00,baseline,,,,0,,
2026-04-29 20:49:01+00,baseline,,,,,0.010138,
2026-04-29 20:49:02+00,baseline,,,7,,,
2026-04-29 20:49:03+00,baseline,17,,,,,
2026-04-29 20:49:04+00,baseline,,,,,,
2026-04-29 20:49:05+00,baseline,,0.8,,0,,0.0200799
2026-04-29 20:49:06+00,baseline,,,,,,
2026-04-29 20:49:07+00,baseline,,,6,,,
2026-04-29 20:49:08+00,baseline,14,,,,,
2026-04-29 20:49:09+00,baseline,,,,,,
2026-04-29 20:49:10+00,baseline,,,,0,,
2026-04-29 20:49:11+00,baseline,,,,,0.014679,
2026-04-29 20:49:12+00,baseline,,,7,,,
2026-04-29 20:49:13+00,baseline,15,,,,,
2026-04-29 20:49:14+00,baseline,,,,,,
2026-04-29 20:49:15+00,baseline,,0.800285,,0,,0.019588099999999997
2026-04-29 20:49:16+00,baseline,,,,,,
2026-04-29 20:49:17+00,baseline,,,6,,,
2026-04-29 20:49:18+00,baseline,15,,,,,
2026-04-29 20:49:19+00,baseline,,,,,,
2026-04-29 20:49:20+00,baseline,,,,0,,
2026-04-29 20:49:21+00,baseline,,,,,0.008031,
2026-04-29 20:49:22+00,baseline,,,7,,,
2026-04-29 20:49:23+00,baseline,17,,,,,
2026-04-29 20:49:24+00,baseline,,,,,,
2026-04-29 20:49:25+00,baseline,,0.800712,,0,,0.0196585
2026-04-29 20:49:26+00,baseline,,,,,,
2026-04-29 20:49:27+00,baseline,,,6,,,
2026-04-29 20:49:28+00,baseline,18,,,,,
2026-04-29 20:49:29+00,baseline,,,,,,
2026-04-29 20:49:30+00,baseline,,,,0,,
2026-04-29 20:49:31+00,baseline,,,,,0.012459,
2026-04-29 20:49:32+00,baseline,,,7,,,
2026-04-29 20:49:33+00,baseline,19,,,,,
2026-04-29 20:49:34+00,baseline,,,,,,
2026-04-29 20:49:35+00,baseline,,0.783755,,0,,0.021944099999999998
2026-04-29 20:49:36+00,baseline,,,,,,
2026-04-29 20:49:37+00,baseline,,,6,,,
2026-04-29 20:49:38+00,baseline,16,,,,,
2026-04-29 20:49:39+00,baseline,,,,,,
2026-04-29 20:49:40+00,baseline,,,,0,,
2026-04-29 20:49:41+00,baseline,,,,,0.007252,
2026-04-29 20:49:42+00,baseline,,,7,,,
2026-04-29 20:49:43+00,baseline,18,,,,,
2026-04-29 20:49:44+00,baseline,,,,,,
2026-04-29 20:49:45+00,baseline,,0.802282,,0,,0.0196168
2026-04-29 20:49:46+00,baseline,,,,,,
2026-04-29 20:49:47+00,baseline,,,6,,,
2026-04-29 20:49:48+00,baseline,16,,,,,
2026-04-29 20:49:49+00,baseline,,,,,,
2026-04-29 20:49:50+00,baseline,,,,0,,
2026-04-29 20:49:51+00,baseline,,,,,0.016862,
2026-04-29 20:49:52+00,baseline,,,7,,,
2026-04-29 20:49:53+00,baseline,18,,,,,
2026-04-29 20:49:54+00,baseline,,,,,,
2026-04-29 20:49:55+00,baseline,,0.802568,,0,,0.0215388
2026-04-29 20:49:56+00,baseline,,,,,,
2026-04-29 20:49:57+00,baseline,,,6,,,
2026-04-29 20:49:58+00,baseline,21,,,,,
2026-04-29 20:49:59+00,baseline,,,,,,
2026-04-29 20:50:00+00,baseline,,,,0,,
2026-04-29 20:50:01+00,baseline,,,,,0.004185,
2026-04-29 20:50:02+00,baseline,,,7,,,
2026-04-29 20:50:03+00,baseline,16,,,,,
2026-04-29 20:50:04+00,baseline,,,,,,
2026-04-29 20:50:05+00,baseline,,0.80429,,0,,0.0176034
2026-04-29 20:50:06+00,baseline,,,,,,
2026-04-29 20:50:07+00,baseline,,,6,,,
2026-04-29 20:50:08+00,baseline,14,,,,,
2026-04-29 20:50:09+00,baseline,,,,,,
2026-04-29 20:50:10+00,baseline,,,,0,,
2026-04-29 20:50:11+00,baseline,,,,,0.008026,
2026-04-29 20:50:12+00,baseline,,,7,,,
2026-04-29 20:50:13+00,baseline,15,,,,,
2026-04-29 20:50:14+00,baseline,,,,,,
2026-04-29 20:50:15+00,baseline,,0.803715,,0,,0.0176716
2026-04-29 20:50:16+00,baseline,,,,,,
2026-04-29 20:50:17+00,baseline,,,6,,,
2026-04-29 20:50:18+00,baseline,15,,,,,
2026-04-29 20:50:19+00,baseline,,,,,,
2026-04-29 20:50:20+00,baseline,,,,0,,
2026-04-29 20:50:21+00,baseline,,,,,0.010834,
2026-04-29 20:50:22+00,baseline,,,7,,,
2026-04-29 20:50:23+00,baseline,17,,,,,
2026-04-29 20:50:24+00,baseline,,,,,,
2026-04-29 20:50:25+00,baseline,,0.804002,,0,,0.0196332
2026-04-29 20:50:26+00,baseline,,,,,,
2026-04-29 20:50:27+00,baseline,,,6,,,
2026-04-29 20:50:28+00,baseline,20,,,,,
2026-04-29 20:50:29+00,baseline,,,,,,
2026-04-29 20:50:30+00,baseline,,,,0,,
2026-04-29 20:50:31+00,baseline,,,,,0.012033,
2026-04-29 20:50:32+00,baseline,,,7,,,
2026-04-29 20:50:33+00,baseline,18,,,,,
2026-04-29 20:50:34+00,baseline,,,,,,
2026-04-29 20:50:35+00,baseline,,0.80429,,0,,0.020573
2026-04-29 20:50:36+00,baseline,,,,,,
2026-04-29 20:50:37+00,baseline,,,6,,,
2026-04-29 20:50:38+00,baseline,17,,,,,
2026-04-29 20:50:39+00,baseline,,,,,,
2026-04-29 20:50:40+00,baseline,,,,0,,
2026-04-29 20:50:41+00,baseline,,,,,0.00611,
2026-04-29 20:50:42+00,baseline,,,7,,,
2026-04-29 20:50:43+00,baseline,17,,,,,
2026-04-29 20:50:44+00,baseline,,,,,,
2026-04-29 20:50:45+00,baseline,,0.768406,,0,,0.014977500000000001
2026-04-29 20:50:46+00,baseline,,,,,,
2026-04-29 20:50:47+00,baseline,,,6,,,
2026-04-29 20:50:48+00,baseline,18,,,,,
2026-04-29 20:50:49+00,baseline,,,,,,
2026-04-29 20:50:50+00,baseline,,,,0,,
2026-04-29 20:50:51+00,baseline,,,,,0.025722,
2026-04-29 20:50:52+00,baseline,,,7,,,
2026-04-29 20:50:53+00,baseline,20,,,,,
2026-04-29 20:50:54+00,baseline,,,,,,
2026-04-29 20:50:55+00,baseline,,0.768956,,0,,0.0209999
2026-04-29 20:50:56+00,baseline,,,,,,
2026-04-29 20:50:57+00,baseline,,,6,,,
2026-04-29 20:50:58+00,baseline,20,,,,,
2026-04-29 20:50:59+00,baseline,,,,,,
2026-04-29 20:51:00+00,baseline,,,,0,,
2026-04-29 20:51:01+00,baseline,,,,,0.007277,
2026-04-29 20:51:02+00,baseline,,,7,,,
2026-04-29 20:51:03+00,baseline,17,,,,,
2026-04-29 20:51:04+00,baseline,,,,,,
2026-04-29 20:51:05+00,baseline,,0.749866,,0,,0.0152109
2026-04-29 20:51:06+00,baseline,,,,,,
2026-04-29 20:51:07+00,baseline,,,6,,,
2026-04-29 20:51:08+00,baseline,14,,,,,
2026-04-29 20:51:09+00,baseline,,,,,,
2026-04-29 20:51:10+00,baseline,,,,0,,
2026-04-29 20:51:11+00,baseline,,,,,0.005489,
2026-04-29 20:51:12+00,baseline,,,7,,,
2026-04-29 20:51:13+00,baseline,15,,,,,
2026-04-29 20:51:14+00,baseline,,,,,,
2026-04-29 20:51:15+00,baseline,,0.750402,,0,,0.013453299999999998
2026-04-29 20:51:16+00,baseline,,,,,,
2026-04-29 20:51:17+00,baseline,,,6,,,
2026-04-29 20:51:18+00,baseline,16,,,,,
2026-04-29 20:51:19+00,baseline,,,,,,
2026-04-29 20:51:20+00,baseline,,,,0,,
2026-04-29 20:51:21+00,baseline,,,,,0.003832,
2026-04-29 20:51:22+00,baseline,,,6,,,
2026-04-29 20:51:23+00,baseline,16,,,,,
2026-04-29 20:51:24+00,baseline,,,,,,
2026-04-29 20:51:25+00,baseline,,0.732928,,0,,0.0138219
2026-04-29 20:51:26+00,baseline,,,,,,
2026-04-29 20:51:27+00,baseline,,,6,,,
2026-04-29 20:51:28+00,baseline,19,,,,,
2026-04-29 20:51:29+00,baseline,,,,,,
2026-04-29 20:51:30+00,baseline,,,,0,,
2026-04-29 20:51:31+00,baseline,,,,,0.021032,
2026-04-29 20:51:32+00,baseline,,,7,,,
2026-04-29 20:51:33+00,baseline,19,,,,,
2026-04-29 20:51:34+00,baseline,,,,,,
2026-04-29 20:51:35+00,baseline,,0.732274,,0,,0.019361899999999998
2026-04-29 20:51:36+00,baseline,,,,,,
2026-04-29 20:51:37+00,baseline,,,6,,,
2026-04-29 20:51:38+00,baseline,17,,,,,
2026-04-29 20:51:39+00,baseline,,,,,,
2026-04-29 20:51:40+00,baseline,,,,0,,
2026-04-29 20:51:41+00,baseline,,,,,0.004233,
2026-04-29 20:51:42+00,baseline,,,7,,,
2026-04-29 20:51:43+00,baseline,19,,,,,
2026-04-29 20:51:44+00,baseline,,,,,,
2026-04-29 20:51:45+00,baseline,,0.75067,,0,,0.0226915
2026-04-29 20:51:46+00,baseline,,,,,,
2026-04-29 20:51:47+00,baseline,,,6,,,
2026-04-29 20:51:48+00,baseline,17,,,,,
2026-04-29 20:51:49+00,baseline,,,,,,
2026-04-29 20:51:50+00,baseline,,,,0,,
2026-04-29 20:51:51+00,baseline,,,,,0.014493,
2026-04-29 20:51:52+00,baseline,,,7,,,
2026-04-29 20:51:53+00,baseline,24,,,,,
2026-04-29 20:51:54+00,baseline,,,,,,
2026-04-29 20:51:55+00,baseline,,0.750536,,0,,0.028243499999999998
2026-04-29 20:51:56+00,baseline,,,,,,
2026-04-29 20:51:57+00,baseline,,,6,,,
2026-04-29 20:51:58+00,baseline,22,,,,,
2026-04-29 20:51:59+00,baseline,,,,,,
2026-04-29 20:52:00+00,baseline,,,,0,,
2026-04-29 20:52:01+00,baseline,,,,,0.01403,
2026-04-29 20:52:02+00,baseline,,,7,,,
2026-04-29 20:52:03+00,baseline,17,,,,,
2026-04-29 20:52:04+00,baseline,,,,,,
2026-04-29 20:52:05+00,baseline,,0.752149,,0,,0.0232509
2026-04-29 20:52:06+00,baseline,,,,,,
2026-04-29 20:52:07+00,baseline,,,6,,,
2026-04-29 20:52:08+00,baseline,14,,,,,
2026-04-29 20:52:09+00,baseline,,,,,,
2026-04-29 20:52:10+00,baseline,,,,0,,
2026-04-29 20:52:11+00,baseline,,,,,0.004387,
2026-04-29 20:52:12+00,baseline,,,7,,,
2026-04-29 20:52:13+00,baseline,15,,,,,
2026-04-29 20:52:14+00,baseline,,,,,,
2026-04-29 20:52:15+00,baseline,,0.734504,,0,,0.019922299999999997
2026-04-29 20:52:16+00,baseline,,,,,,
2026-04-29 20:52:17+00,baseline,,,6,,,
2026-04-29 20:52:18+00,baseline,14,,,,,
2026-04-29 20:52:19+00,baseline,,,,,,
2026-04-29 20:52:20+00,baseline,,,,0,,
2026-04-29 20:52:21+00,baseline,,,,,0.006357,
2026-04-29 20:52:22+00,baseline,,,7,,,
2026-04-29 20:52:23+00,baseline,17,,,,,
2026-04-29 20:52:24+00,baseline,,,,,,
2026-04-29 20:52:25+00,baseline,,0.770609,,0,,0.0217163
2026-04-29 20:52:26+00,baseline,,,,,,
2026-04-29 20:52:27+00,baseline,,,6,,,
2026-04-29 20:52:28+00,baseline,19,,,,,
2026-04-29 20:52:29+00,baseline,,,,,,
2026-04-29 20:52:30+00,baseline,,,,0,,
2026-04-29 20:52:31+00,baseline,,,,,0.006112,
2026-04-29 20:52:32+00,baseline,,,7,,,
2026-04-29 20:52:33+00,baseline,18,,,,,
2026-04-29 20:52:34+00,baseline,,,,,,
2026-04-29 20:52:35+00,baseline,,0.770471,,0,,0.0223673
2026-04-29 20:52:36+00,baseline,,,,,,
2026-04-29 20:52:37+00,baseline,,,6,,,
2026-04-29 20:52:38+00,baseline,16,,,,,
2026-04-29 20:52:39+00,baseline,,,,,,
2026-04-29 20:52:40+00,baseline,,,,0,,
2026-04-29 20:52:41+00,baseline,,,,,0.010426,
2026-04-29 20:52:42+00,baseline,,,7,,,
2026-04-29 20:52:43+00,baseline,19,,,,,
2026-04-29 20:52:44+00,baseline,,,,,,
2026-04-29 20:52:45+00,baseline,,0.769231,,0,,0.0183637
2026-04-29 20:52:46+00,baseline,,,,,,
2026-04-29 20:52:47+00,baseline,,,6,,,
2026-04-29 20:52:48+00,baseline,17,,,,,
2026-04-29 20:52:49+00,baseline,,,,,,
2026-04-29 20:52:50+00,baseline,,,,0,,
2026-04-29 20:52:51+00,baseline,,,,,0.005251,
2026-04-29 20:52:52+00,baseline,,,7,,,
2026-04-29 20:52:53+00,baseline,19,,,,,
2026-04-29 20:52:54+00,baseline,,,,,,
2026-04-29 20:52:55+00,baseline,,0.768681,,0,,0.017328700000000002
2026-04-29 20:52:56+00,baseline,,,,,,
2026-04-29 20:52:57+00,baseline,,,6,,,
2026-04-29 20:52:58+00,baseline,22,,,,,
2026-04-29 20:52:59+00,baseline,,,,,,
2026-04-29 20:53:00+00,baseline,,,,0,,
2026-04-29 20:53:01+00,baseline,,,,,0.007734,
2026-04-29 20:53:02+00,baseline,,,7,,,
2026-04-29 20:53:03+00,baseline,19,,,,,
2026-04-29 20:53:04+00,baseline,,,,,,
2026-04-29 20:53:05+00,baseline,,0.750402,,0,,0.017825300000000002
2026-04-29 20:53:06+00,baseline,,,,,,
2026-04-29 20:53:07+00,baseline,,,6,,,
2026-04-29 20:53:08+00,baseline,14,,,,,
2026-04-29 20:53:09+00,baseline,,,,,,
2026-04-29 20:53:10+00,baseline,,,,0,,
2026-04-29 20:53:11+00,baseline,,,,,0.013815,
2026-04-29 20:53:12+00,baseline,,,7,,,
2026-04-29 20:53:13+00,baseline,15,,,,,
2026-04-29 20:53:14+00,baseline,,,,,,
2026-04-29 20:53:15+00,baseline,,0.749331,,0,,0.0162415
2026-04-29 20:53:16+00,baseline,,,,,,
2026-04-29 20:53:17+00,baseline,,,6,,,
2026-04-29 20:53:18+00,baseline,16,,,,,
2026-04-29 20:53:19+00,baseline,,,,,,
2026-04-29 20:53:20+00,baseline,,,,0,,
2026-04-29 20:53:21+00,baseline,,,,,0.012488,
2026-04-29 20:53:22+00,baseline,,,7,,,
2026-04-29 20:53:23+00,baseline,16,,,,,
2026-04-29 20:53:24+00,baseline,,,,,,
2026-04-29 20:53:25+00,baseline,,0.748263,,0,,0.0166761
2026-04-29 20:53:26+00,baseline,,,,,,
2026-04-29 20:53:27+00,baseline,,,6,,,
2026-04-29 20:53:28+00,baseline,19,,,,,
2026-04-29 20:53:29+00,baseline,,,,,,
2026-04-29 20:53:30+00,baseline,,,,0,,
2026-04-29 20:53:31+00,baseline,,,,,0.00537,
2026-04-29 20:53:32+00,baseline,,,7,,,
2026-04-29 20:53:33+00,baseline,19,,,,,
2026-04-29 20:53:34+00,baseline,,,,,,
2026-04-29 20:53:35+00,baseline,,0.729797,,0,,0.0173525
2026-04-29 20:53:36+00,baseline,,,,,,
2026-04-29 20:53:37+00,baseline,,,6,,,
2026-04-29 20:53:38+00,baseline,16,,,,,
2026-04-29 20:53:39+00,baseline,,,,,,
2026-04-29 20:53:40+00,baseline,,,,0,,
2026-04-29 20:53:41+00,baseline,,,,,0.008213,
2026-04-29 20:53:42+00,baseline,,,7,,,
2026-04-29 20:53:43+00,baseline,18,,,,,
2026-04-29 20:53:44+00,baseline,,,,,,
2026-04-29 20:53:45+00,baseline,,0.74893,,0,,0.0151215
2026-04-29 20:53:46+00,baseline,,,,,,
2026-04-29 20:53:47+00,baseline,,,6,,,
2026-04-29 20:53:48+00,baseline,17,,,,,
2026-04-29 20:53:49+00,baseline,,,,,,
2026-04-29 20:53:50+00,baseline,,,,0,,
2026-04-29 20:53:51+00,baseline,,,,,0.005431,
2026-04-29 20:53:52+00,baseline,,,7,,,
2026-04-29 20:53:53+00,baseline,20,,,,,
2026-04-29 20:53:54+00,baseline,,,,,,
2026-04-29 20:53:55+00,baseline,,0.784454,,0,,0.0159651
2026-04-29 20:53:56+00,baseline,,,,,,
2026-04-29 20:53:57+00,baseline,,,6,,,
2026-04-29 20:53:58+00,baseline,20,,,,,
2026-04-29 20:53:59+00,baseline,,,,,,
2026-04-29 20:54:00+00,baseline,,,,0,,
2026-04-29 20:54:01+00,baseline,,,,,0.024137,
2026-04-29 20:54:02+00,baseline,,,7,,,
2026-04-29 20:54:03+00,baseline,17,,,,,
2026-04-29 20:54:04+00,baseline,,,,,,
2026-04-29 20:54:05+00,baseline,,0.783336,,0,,0.017606300000000002
2026-04-29 20:54:06+00,baseline,,,,,,
2026-04-29 20:54:07+00,baseline,,,6,,,
2026-04-29 20:54:08+00,baseline,12,,,,,
2026-04-29 20:54:09+00,baseline,,,,,,
2026-04-29 20:54:10+00,baseline,,,,0,,
2026-04-29 20:54:11+00,baseline,,,,,0.007008,
2026-04-29 20:54:12+00,baseline,,,7,,,
2026-04-29 20:54:13+00,baseline,15,,,,,
2026-04-29 20:54:14+00,baseline,,,,,,
2026-04-29 20:54:15+00,baseline,,0.819964,,0,,0.0127805
2026-04-29 20:54:16+00,baseline,,,,,,
2026-04-29 20:54:17+00,baseline,,,6,,,
2026-04-29 20:54:18+00,baseline,16,,,,,
2026-04-29 20:54:19+00,baseline,,,,,,
2026-04-29 20:54:20+00,baseline,,,,0,,
2026-04-29 20:54:21+00,baseline,,,,,,
2026-04-29 20:54:22+00,baseline,,,7,,0.004556,
2026-04-29 20:54:23+00,baseline,17,,,,,
2026-04-29 20:54:24+00,baseline,,,,,,
2026-04-29 20:54:25+00,baseline,,0.801282,,0,,0.0136901
2026-04-29 20:54:26+00,baseline,,,,,,
2026-04-29 20:54:27+00,baseline,,,6,,,
2026-04-29 20:54:28+00,baseline,18,,,,,
2026-04-29 20:54:29+00,baseline,,,,,,
2026-04-29 20:54:30+00,baseline,,,,0,,
2026-04-29 21:01:01+00,attack,,,,,,
2026-04-29 21:01:11+00,attack,,,,,,
2026-04-29 21:01:21+00,attack,,,,,,
2026-04-29 21:01:31+00,attack,,,,,,
2026-04-29 21:01:41+00,attack,,,,,,
2026-04-29 21:01:51+00,attack,,,,,,
2026-04-29 21:02:01+00,attack,,,,,,
2026-04-29 21:02:11+00,attack,,,,,,
2026-04-29 21:02:21+00,attack,,,,,,
2026-04-29 21:02:31+00,attack,,,,,,
2026-04-29 21:02:41+00,attack,,,,,,
2026-04-29 21:02:51+00,attack,,,,,,
2026-04-29 21:03:01+00,attack,,,,,,
2026-04-29 21:03:02+00,attack,,,,,,
2026-04-29 21:03:11+00,attack,,,,,,
2026-04-29 21:03:21+00,attack,,,,,,
2026-04-29 21:03:34+00,attack,,,,,,
2026-04-29 21:03:41+00,attack,,,,,,
2026-04-29 21:03:51+00,attack,,,,,,
2026-04-29 21:04:01+00,attack,,,,,,
2026-04-29 21:04:11+00,attack,,,,,,
2026-04-29 21:04:21+00,attack,,,,,,
2026-04-29 21:04:31+00,attack,,,,,,
2026-04-29 21:04:42+00,attack,,,,,,
2026-04-29 21:04:51+00,attack,,,,,,
2026-04-29 21:05:01+00,attack,,,,,,
2026-04-29 21:05:11+00,attack,,,,,,
2026-04-29 21:05:31+00,attack,,,,,0.009211,
2026-04-29 21:05:41+00,attack,,,,,0.006744,
2026-04-29 21:05:45+00,attack,,,,,,0.0148277
2026-04-29 21:05:46+00,attack,,,,,,
2026-04-29 21:05:47+00,attack,,,,,,
2026-04-29 21:05:48+00,attack,,,,,,
2026-04-29 21:05:49+00,attack,,0.498575,1,0,,
2026-04-29 21:05:50+00,attack,,,,0,,
2026-04-29 21:05:51+00,attack,,,,,0.007211,
2026-04-29 21:05:52+00,attack,,,2,,,
2026-04-29 21:05:53+00,attack,31,,,,,
2026-04-29 21:05:54+00,attack,,,,,,
2026-04-29 21:05:55+00,attack,,0.623997,,0,,0.0287574
2026-04-29 21:05:56+00,attack,,,,,,
2026-04-29 21:05:57+00,attack,,,2,,,
2026-04-29 21:05:58+00,attack,21,,,,,
2026-04-29 21:05:59+00,attack,,,,,,
2026-04-29 21:06:00+00,attack,,,,0,,
2026-04-29 21:06:01+00,attack,,,,,0.006212,
2026-04-29 21:06:02+00,attack,,,3,,,
2026-04-29 21:06:03+00,attack,17,,,,,
2026-04-29 21:06:04+00,attack,,,,,,
2026-04-29 21:06:05+00,attack,,0.677362,,0,,0.018757600000000003
2026-04-29 21:06:06+00,attack,,,,,,
2026-04-29 21:06:07+00,attack,,,3,,,
2026-04-29 21:06:08+00,attack,14,,,,,
2026-04-29 21:06:09+00,attack,,,,,,
2026-04-29 21:06:10+00,attack,,,,0,,
2026-04-29 21:06:11+00,attack,,,,,,
2026-04-29 21:06:12+00,attack,,,4,,0.004553,
2026-04-29 21:06:13+00,attack,14,,,,,
2026-04-29 21:06:14+00,attack,,,,,,
2026-04-29 21:06:15+00,attack,,0.695683,,0,,0.0163258
2026-04-29 21:06:16+00,attack,,,,,,
2026-04-29 21:06:17+00,attack,,,4,,,
2026-04-29 21:06:18+00,attack,15,,,,,
2026-04-29 21:06:19+00,attack,,,,,,
2026-04-29 21:06:20+00,attack,,,,0,,
2026-04-29 21:06:21+00,attack,,,,,0.02108,
2026-04-29 21:06:22+00,attack,,,5,,,
2026-04-29 21:06:23+00,attack,16,,,,,
2026-04-29 21:06:24+00,attack,,,,,,
2026-04-29 21:06:25+00,attack,,0.749064,,0,,0.021031200000000003
2026-04-29 21:06:26+00,attack,,,,,,
2026-04-29 21:06:27+00,attack,,,5,,,
2026-04-29 21:06:28+00,attack,19,,,,,
2026-04-29 21:06:29+00,attack,,,,,,
2026-04-29 21:06:30+00,attack,,,,0,,
2026-04-29 21:06:31+00,attack,,,,,0.004223,
2026-04-29 21:06:32+00,attack,,,6,,,
2026-04-29 21:06:33+00,attack,19,,,,,
2026-04-29 21:06:34+00,attack,,,,,,
2026-04-29 21:06:35+00,attack,,0.762141,,0,,0.0197598
2026-04-29 21:06:36+00,attack,,,,,,
2026-04-29 21:06:37+00,attack,,,6,,,
2026-04-29 21:06:38+00,attack,16,,,,,
2026-04-29 21:06:39+00,attack,,,,,,
2026-04-29 21:06:40+00,attack,,,,0,,
2026-04-29 21:06:41+00,attack,,,,,0.005655,
2026-04-29 21:06:42+00,attack,,,7,,,
2026-04-29 21:06:43+00,attack,19,,,,,
2026-04-29 21:06:44+00,attack,,,,,,
2026-04-29 21:06:45+00,attack,,0.815747,,0,,0.0239037
2026-04-29 21:06:46+00,attack,,,,,,
2026-04-29 21:06:47+00,attack,,,7,,,
2026-04-29 21:06:48+00,attack,18,,,,,
2026-04-29 21:06:49+00,attack,,,,,,
2026-04-29 21:06:50+00,attack,,,,0,,
2026-04-29 21:06:51+00,attack,,,,,0.022442,
2026-04-29 21:06:52+00,attack,,,8,,,
2026-04-29 21:06:53+00,attack,23,,,,,
2026-04-29 21:06:54+00,attack,,,,,,
2026-04-29 21:06:55+00,attack,,0.761736,,0,,0.0300611
2026-04-29 21:06:56+00,attack,,,,,,
2026-04-29 21:06:57+00,attack,,,6,,,
2026-04-29 21:06:58+00,attack,24,,,,,
2026-04-29 21:06:59+00,attack,,,,,,
2026-04-29 21:07:00+00,attack,,,,0,,
2026-04-29 21:07:01+00,attack,,,,,0.02337,
2026-04-29 21:07:02+00,attack,,,7,,,
2026-04-29 21:07:03+00,attack,17,,,,,
2026-04-29 21:07:04+00,attack,,,,,,
2026-04-29 21:07:05+00,attack,,0.763494,,0,,0.026046700000000002
2026-04-29 21:07:06+00,attack,,,,,,
2026-04-29 21:07:07+00,attack,,,6,,,
2026-04-29 21:07:08+00,attack,13,,,,,
2026-04-29 21:07:09+00,attack,,,,,,
2026-04-29 21:07:10+00,attack,,,,0,,
2026-04-29 21:07:11+00,attack,,,,,0.008814,
2026-04-29 21:07:12+00,attack,,,7,,,
2026-04-29 21:07:13+00,attack,16,,,,,
2026-04-29 21:07:14+00,attack,,,,,,
2026-04-29 21:07:15+00,attack,,0.781111,,0,,0.022435500000000004
2026-04-29 21:07:16+00,attack,,,,,,
2026-04-29 21:07:17+00,attack,,,6,,,
2026-04-29 21:07:18+00,attack,16,,,,,
2026-04-29 21:07:19+00,attack,,,,,,
2026-04-29 21:07:20+00,attack,,,,0,,
2026-04-29 21:07:21+00,attack,,,,,0.048213,
2026-04-29 21:07:22+00,attack,,,7,,,
2026-04-29 21:07:23+00,attack,16,,,,,
2026-04-29 21:07:24+00,attack,,,,,,
2026-04-29 21:07:25+00,attack,,0.782083,,0,,0.030315300000000003
2026-04-29 21:07:26+00,attack,,,,,,
2026-04-29 21:07:27+00,attack,,,6,,,
2026-04-29 21:07:28+00,attack,18,,,,,
2026-04-29 21:07:29+00,attack,,,,,,
2026-04-29 21:07:30+00,attack,,,,0,,
2026-04-29 21:07:31+00,attack,,,,,,
2026-04-29 21:07:32+00,attack,,,7,,0.058643,
2026-04-29 21:07:33+00,attack,19,,,,,
2026-04-29 21:07:34+00,attack,,,,,,
2026-04-29 21:07:35+00,attack,,0.818505,,0,,0.0345013
2026-04-29 21:07:36+00,attack,,,,,,
2026-04-29 21:07:37+00,attack,,,6,,,
2026-04-29 21:07:38+00,attack,16,,,,,
2026-04-29 21:07:39+00,attack,,,,,,
2026-04-29 21:07:40+00,attack,,,,0,,
2026-04-29 21:07:41+00,attack,,,,,0.009789,
2026-04-29 21:07:42+00,attack,,,7,,,
2026-04-29 21:07:43+00,attack,17,,,,,
2026-04-29 21:07:44+00,attack,,,,,,
2026-04-29 21:07:45+00,attack,,0.801853,,0,,0.0171293
2026-04-29 21:07:46+00,attack,,,,,,
2026-04-29 21:07:47+00,attack,,,6,,,
2026-04-29 21:07:48+00,attack,17,,,,,
2026-04-29 21:07:49+00,attack,,,,,,
2026-04-29 21:07:50+00,attack,,,,0,,
2026-04-29 21:07:51+00,attack,,,,,0.005131,
2026-04-29 21:07:52+00,attack,,,7,,,
2026-04-29 21:07:53+00,attack,18,,,,,
2026-04-29 21:07:54+00,attack,,,,,,
2026-04-29 21:07:55+00,attack,,0.765806,,0,,0.016897699999999998
2026-04-29 21:07:56+00,attack,,,,,,
2026-04-29 21:07:57+00,attack,,,6,,,
2026-04-29 21:07:58+00,attack,22,,,,,
2026-04-29 21:07:59+00,attack,,,,,,
2026-04-29 21:08:00+00,attack,,,,0,,
2026-04-29 21:08:01+00,attack,,,,,0.021195,
2026-04-29 21:08:02+00,attack,,,7,,,
2026-04-29 21:08:03+00,attack,19,,,,,
2026-04-29 21:08:04+00,attack,,,,,,
2026-04-29 21:08:05+00,attack,,0.764988,,0,,0.0208105
2026-04-29 21:08:06+00,attack,,,,,,
2026-04-29 21:08:07+00,attack,,,6,,,
2026-04-29 21:08:08+00,attack,14,,,,,
2026-04-29 21:08:09+00,attack,,,,,,
2026-04-29 21:08:10+00,attack,,,,0,,
2026-04-29 21:08:11+00,attack,,,,,0.010497,
2026-04-29 21:08:12+00,attack,,,7,,,
2026-04-29 21:08:13+00,attack,15,,,,,
2026-04-29 21:08:14+00,attack,,,,,,
2026-04-29 21:08:15+00,attack,,0.747198,,0,,0.0158709
2026-04-29 21:08:16+00,attack,,,,,,
2026-04-29 21:08:17+00,attack,,,6,,,
2026-04-29 21:08:18+00,attack,16,,,,,
2026-04-29 21:08:19+00,attack,,,,,,
2026-04-29 21:08:20+00,attack,,,,0,,
2026-04-29 21:08:21+00,attack,,,,,0.007076,
2026-04-29 21:08:22+00,attack,,,7,,,
2026-04-29 21:08:23+00,attack,17,,,,,
2026-04-29 21:08:24+00,attack,,,,,,
2026-04-29 21:08:25+00,attack,,0.69358,,0,,0.016586700000000003
2026-04-29 21:08:26+00,attack,,,,,,
2026-04-29 21:08:27+00,attack,,,6,,,
2026-04-29 21:08:28+00,attack,20,,,,,
2026-04-29 21:08:29+00,attack,,,,,,
2026-04-29 21:08:30+00,attack,,,,0,,
2026-04-29 21:08:31+00,attack,,,,,0.01017,
2026-04-29 21:08:32+00,attack,,,7,,,
2026-04-29 21:08:33+00,attack,19,,,,,
2026-04-29 21:08:34+00,attack,,,,,,
2026-04-29 21:08:35+00,attack,,0.69321,,0,,0.0186055
2026-04-29 21:08:36+00,attack,,,,,,
2026-04-29 21:08:37+00,attack,,,6,,,
2026-04-29 21:08:38+00,attack,16,,,,,
2026-04-29 21:08:39+00,attack,,,,,,
2026-04-29 21:08:40+00,attack,,,,0,,
2026-04-29 21:08:41+00,attack,,,,,0.004629,
2026-04-29 21:08:42+00,attack,,,7,,,
2026-04-29 21:08:43+00,attack,18,,,,,
2026-04-29 21:08:44+00,attack,,,,,,
2026-04-29 21:08:45+00,attack,,0.710606,,0,,0.014502399999999999
2026-04-29 21:08:46+00,attack,,,,,,
2026-04-29 21:08:47+00,attack,,,6,,,
2026-04-29 21:08:48+00,attack,17,,,,,
2026-04-29 21:08:49+00,attack,,,,,,
2026-04-29 21:08:50+00,attack,,,,0,,
2026-04-29 21:08:51+00,attack,,,,,0.01944,
2026-04-29 21:08:52+00,attack,,,7,,,
2026-04-29 21:08:53+00,attack,18,,,,,
2026-04-29 21:08:54+00,attack,,,,,,
2026-04-29 21:08:55+00,attack,,0.692964,,0,,0.017464599999999997
2026-04-29 21:08:56+00,attack,,,,,,
2026-04-29 21:08:57+00,attack,,,6,,,
2026-04-29 21:08:58+00,attack,21,,,,,
2026-04-29 21:08:59+00,attack,,,,,,
2026-04-29 21:09:01+00,attack,,,,0,0.017395,
2026-04-29 21:09:02+00,attack,,,7,,,
2026-04-29 21:09:03+00,attack,19,,,,,
2026-04-29 21:09:04+00,attack,,,,,,
2026-04-29 21:09:05+00,attack,,0.692472,,0,,0.0177556
2026-04-29 21:09:06+00,attack,,,,,,
2026-04-29 21:09:07+00,attack,,,6,,,
2026-04-29 21:09:08+00,attack,14,,,,,
2026-04-29 21:09:09+00,attack,,,,,,
2026-04-29 21:09:10+00,attack,,,,0,,
2026-04-29 21:09:11+00,attack,,,,,,
2026-04-29 21:09:12+00,attack,,,7,,0.00887,
2026-04-29 21:09:13+00,attack,17,,,,,
2026-04-29 21:09:14+00,attack,,,,,,
2026-04-29 21:09:15+00,attack,,0.693333,,0,,0.0146506
2026-04-29 21:09:16+00,attack,,,,,,
2026-04-29 21:09:17+00,attack,,,6,,,
2026-04-29 21:09:18+00,attack,15,,,,,
2026-04-29 21:09:19+00,attack,,,,,,
2026-04-29 21:09:20+00,attack,,,,0,,
2026-04-29 21:09:21+00,attack,,,,,0.009642,
2026-04-29 21:09:22+00,attack,,,7,,,
2026-04-29 21:09:23+00,attack,15,,,,,
2026-04-29 21:09:24+00,attack,,,,,,
2026-04-29 21:09:25+00,attack,,0.745871,,0,,0.013404999999999999
2026-04-29 21:09:26+00,attack,,,,,,
2026-04-29 21:09:27+00,attack,,,6,,,
2026-04-29 21:09:28+00,attack,19,,,,,
2026-04-29 21:09:29+00,attack,,,,,,
2026-04-29 21:09:30+00,attack,,,,0,,
2026-04-29 21:09:31+00,attack,,,,,0.008464,
2026-04-29 21:09:32+00,attack,,,7,,,
2026-04-29 21:09:33+00,attack,19,,,,,
2026-04-29 21:09:34+00,attack,,,,,,
2026-04-29 21:09:35+00,attack,,0.746004,,0,,0.015969399999999998
2026-04-29 21:09:36+00,attack,,,,,,
2026-04-29 21:09:37+00,attack,,,6,,,
2026-04-29 21:09:38+00,attack,15,,,,,
2026-04-29 21:09:39+00,attack,,,,,,
2026-04-29 21:09:40+00,attack,,,,0,,
2026-04-29 21:09:41+00,attack,,,,,0.005122,
2026-04-29 21:09:42+00,attack,,,7,,,
2026-04-29 21:09:43+00,attack,18,,,,,
2026-04-29 21:09:44+00,attack,,,,,,
2026-04-29 21:09:45+00,attack,,0.746269,,0,,0.030128299999999997
2026-04-29 21:09:46+00,attack,,,,,,
2026-04-29 21:09:47+00,attack,,,6,,,
2026-04-29 21:09:48+00,attack,18,,,,,
2026-04-29 21:09:49+00,attack,,,,,,
2026-04-29 21:09:50+00,attack,,,,0,,
2026-04-29 21:09:51+00,attack,,,,,0.012555,
2026-04-29 21:09:52+00,attack,,,7,,,
2026-04-29 21:09:53+00,attack,24,,,,,
2026-04-29 21:09:54+00,attack,,,,,,
2026-04-29 21:09:55+00,attack,,0.76567,,0,,0.0358149
2026-04-29 21:09:56+00,attack,,,,,,
2026-04-29 21:09:57+00,attack,,,6,,,
2026-04-29 21:09:58+00,attack,21,,,,,
2026-04-29 21:09:59+00,attack,,,,,,
2026-04-29 21:10:00+00,attack,,,,0,,
2026-04-29 21:10:01+00,attack,,,,,,
2026-04-29 21:10:02+00,attack,,,7,,0.008486,
2026-04-29 21:10:03+00,attack,17,,,,,
2026-04-29 21:10:04+00,attack,,,,,,
2026-04-29 21:10:05+00,attack,,0.765533,,0,,0.0301011
2026-04-29 21:10:06+00,attack,,,,,,
2026-04-29 21:10:07+00,attack,,,6,,,
2026-04-29 21:10:08+00,attack,14,,,,,
2026-04-29 21:10:09+00,attack,,,,,,
2026-04-29 21:10:10+00,attack,,,,0,,
2026-04-29 21:10:11+00,attack,,,,,0.009285,
2026-04-29 21:10:13+00,attack,15,,7,,,
2026-04-29 21:10:14+00,attack,,,,,,
2026-04-29 21:10:15+00,attack,,0.746932,,0,,0.0288609
2026-04-29 21:10:16+00,attack,,,,,,
2026-04-29 21:10:17+00,attack,,,6,,,
2026-04-29 21:10:18+00,attack,15,,,,,
2026-04-29 21:10:19+00,attack,,,,,,
2026-04-29 21:10:20+00,attack,,,,0,,
2026-04-29 21:10:21+00,attack,,,,,0.008535,
2026-04-29 21:10:22+00,attack,,,7,,,
2026-04-29 21:10:23+00,attack,18,,,,,
2026-04-29 21:10:24+00,attack,,,,,,
2026-04-29 21:10:25+00,attack,,0.747863,,0,,0.030810899999999995
2026-04-29 21:10:26+00,attack,,,,,,
2026-04-29 21:10:27+00,attack,,,6,,,
2026-04-29 21:10:28+00,attack,19,,,,,
2026-04-29 21:10:29+00,attack,,,,,,
2026-04-29 21:10:30+00,attack,,,,0,,
2026-04-29 21:10:31+00,attack,,,,,0.004609,
2026-04-29 21:10:32+00,attack,,,7,,,
2026-04-29 21:10:33+00,attack,17,,,,,
2026-04-29 21:10:34+00,attack,,,,,,
2026-04-29 21:10:35+00,attack,,0.747198,,0,,0.0293257
2026-04-29 21:10:36+00,attack,,,,,,
2026-04-29 21:10:37+00,attack,,,6,,,
2026-04-29 21:10:38+00,attack,17,,,,,
2026-04-29 21:10:39+00,attack,,,,,,
2026-04-29 21:10:40+00,attack,,,,0,,
2026-04-29 21:10:41+00,attack,,,,,0.010852,
2026-04-29 21:10:42+00,attack,,,7,,,
2026-04-29 21:10:43+00,attack,18,,,,,
2026-04-29 21:10:45+00,attack,,0.728112,,0,,0.025952
2026-04-29 21:10:46+00,attack,,,,,,
2026-04-29 21:10:47+00,attack,,,6,,,
2026-04-29 21:10:48+00,attack,17,,,,,
2026-04-29 21:10:49+00,attack,,,,,,
2026-04-29 21:10:50+00,attack,,,,0,,
2026-04-29 21:10:51+00,attack,,,,,,
2026-04-29 21:10:52+00,attack,,,7,,0.01817,
2026-04-29 21:10:53+00,attack,18,,,,,
2026-04-29 21:10:54+00,attack,,,,,,
2026-04-29 21:10:55+00,attack,,0.72695,,0,,0.0274156
2026-04-29 21:10:56+00,attack,,,,,,
2026-04-29 21:10:57+00,attack,,,6,,,
2026-04-29 21:10:58+00,attack,22,,,,,
2026-04-29 21:10:59+00,attack,,,,,,
2026-04-29 21:11:00+00,attack,,,,0,,
2026-04-29 21:11:01+00,attack,,,,,0.006528,
2026-04-29 21:11:02+00,attack,,,7,,,
2026-04-29 21:11:03+00,attack,18,,,,,
2026-04-29 21:11:04+00,attack,,,,,,
2026-04-29 21:11:05+00,attack,,0.726821,,0,,0.0250872
2026-04-29 21:11:06+00,attack,,,,,,
2026-04-29 21:11:07+00,attack,,,6,,,
2026-04-29 21:11:08+00,attack,12,,,,,
2026-04-29 21:11:09+00,attack,,,,,,
2026-04-29 21:11:10+00,attack,,,,0,,
2026-04-29 21:11:11+00,attack,,,,,0.006931,
2026-04-29 21:11:12+00,attack,,,7,,,
2026-04-29 21:11:13+00,attack,17,,,,,
2026-04-29 21:11:14+00,attack,,,,,,
2026-04-29 21:11:15+00,attack,,0.744681,,0,,0.0244678
2026-04-29 21:11:16+00,attack,,,,,,
2026-04-29 21:11:17+00,attack,,,6,,,
2026-04-29 21:11:18+00,attack,14,,,,,
2026-04-29 21:11:19+00,attack,,,,,,
2026-04-29 21:11:20+00,attack,,,,0,,
2026-04-29 21:11:21+00,attack,,,,,0.00459,
2026-04-29 21:11:22+00,attack,,,7,,,
2026-04-29 21:11:23+00,attack,18,,,,,
2026-04-29 21:11:24+00,attack,,,,,,
2026-04-29 21:11:25+00,attack,,0.744549,,0,,0.0246996
2026-04-29 21:11:26+00,attack,,,,,,
2026-04-29 21:11:27+00,attack,,,6,,,
2026-04-29 21:11:28+00,attack,18,,,,,
2026-04-29 21:11:29+00,attack,,,,,,
2026-04-29 21:11:30+00,attack,,,,0,,
2026-04-29 21:11:31+00,attack,,,,,0.005452,
2026-04-29 21:11:32+00,attack,,,7,,,
2026-04-29 21:11:33+00,attack,17,,,,,
2026-04-29 21:11:34+00,attack,,,,,,
2026-04-29 21:11:35+00,attack,,0.72695,,0,,0.024172
2026-04-29 21:11:36+00,attack,,,,,,
2026-04-29 21:11:37+00,attack,,,6,,,
2026-04-29 21:11:38+00,attack,17,,,,,
2026-04-29 21:11:39+00,attack,,,,,,
2026-04-29 21:11:40+00,attack,,,,0,,
2026-04-29 21:11:41+00,attack,,,,,0.004046,
2026-04-29 21:11:42+00,attack,,,7,,,
2026-04-29 21:11:43+00,attack,18,,,,,
2026-04-29 21:11:44+00,attack,,,,,,
2026-04-29 21:11:45+00,attack,,0.726306,,0,,0.017315399999999998
2026-04-29 21:11:46+00,attack,,,,,,
2026-04-29 21:11:47+00,attack,,,6,,,
2026-04-29 21:11:48+00,attack,16,,,,,
2026-04-29 21:11:49+00,attack,,,,,,
2026-04-29 21:11:50+00,attack,,,,0,,
2026-04-29 21:11:51+00,attack,,,,,0.007447,
2026-04-29 21:11:52+00,attack,,,7,,,
2026-04-29 21:11:53+00,attack,19,,,,,
2026-04-29 21:11:54+00,attack,,,,,,
2026-04-29 21:11:55+00,attack,,0.707965,,0,,0.0186956
2026-04-29 21:11:56+00,attack,,,,,,
2026-04-29 21:11:57+00,attack,,,6,,,
2026-04-29 21:11:58+00,attack,22,,,,,
2026-04-29 21:11:59+00,attack,,,,,,
2026-04-29 21:12:00+00,recovery,,,,0,,
2026-04-29 21:12:01+00,recovery,,,,,,
2026-04-29 21:12:02+00,recovery,,,7,,0.008841,
2026-04-29 21:12:03+00,recovery,18,,,,,
2026-04-29 21:12:04+00,recovery,,,,,,
2026-04-29 21:12:05+00,recovery,,0.707839,,0,,0.0182744
2026-04-29 21:12:06+00,recovery,,,,,,
2026-04-29 21:12:08+00,recovery,14,,6,,,
2026-04-29 21:12:09+00,recovery,,,,,,
2026-04-29 21:12:10+00,recovery,,,,0,,
2026-04-29 21:12:11+00,recovery,,,,,0.007159,
2026-04-29 21:12:12+00,recovery,,,7,,,
2026-04-29 21:12:13+00,recovery,15,,,,,
2026-04-29 21:12:14+00,recovery,,,,,,
2026-04-29 21:12:15+00,recovery,,0.706589,,0,,0.015837999999999998
2026-04-29 21:12:16+00,recovery,,,,,,
2026-04-29 21:12:17+00,recovery,,,6,,,
2026-04-29 21:12:18+00,recovery,16,,,,,
2026-04-29 21:12:19+00,recovery,,,,,,
2026-04-29 21:12:20+00,recovery,,,,0,,
2026-04-29 21:12:21+00,recovery,,,,,0.015812,
2026-04-29 21:12:22+00,recovery,,,7,,,
2026-04-29 21:12:23+00,recovery,18,,,,,
2026-04-29 21:12:24+00,recovery,,,,,,
2026-04-29 21:12:25+00,recovery,,0.687467,,0,,0.019668599999999998
2026-04-29 21:12:26+00,recovery,,,,,,
2026-04-29 21:12:27+00,recovery,,,6,,,
2026-04-29 21:12:28+00,recovery,18,,,,,
2026-04-29 21:12:29+00,recovery,,,,,,
2026-04-29 21:12:30+00,recovery,,,,0,,
2026-04-29 21:12:31+00,recovery,,,,,0.013937,
2026-04-29 21:12:32+00,recovery,,,7,,,
2026-04-29 21:12:34+00,recovery,18,,,,,
2026-04-29 21:12:35+00,recovery,,0.705841,,0,,0.019293599999999998
2026-04-29 21:12:36+00,recovery,,,,,,
2026-04-29 21:12:37+00,recovery,,,6,,,
2026-04-29 21:12:38+00,recovery,18,,,,,
2026-04-29 21:12:39+00,recovery,,,,,,
2026-04-29 21:12:40+00,recovery,,,,0,,
2026-04-29 21:12:41+00,recovery,,,,,0.013802,
2026-04-29 21:12:42+00,recovery,,,7,,,
2026-04-29 21:12:43+00,recovery,18,,,,,
2026-04-29 21:12:44+00,recovery,,,,,,
2026-04-29 21:12:45+00,recovery,,0.741002,,0,,0.016581099999999998
2026-04-29 21:12:46+00,recovery,,,,,,
2026-04-29 21:12:47+00,recovery,,,6,,,
2026-04-29 21:12:48+00,recovery,18,,,,,
2026-04-29 21:12:49+00,recovery,,,,,,
2026-04-29 21:12:50+00,recovery,,,,0,,
2026-04-29 21:12:51+00,recovery,,,,,0.011748,
2026-04-29 21:12:52+00,recovery,,,7,,,
2026-04-29 21:12:53+00,recovery,23,,,,,
2026-04-29 21:12:54+00,recovery,,,,,,
2026-04-29 21:12:55+00,recovery,,0.759986,,0,,0.0196703
2026-04-29 21:12:56+00,recovery,,,,,,
2026-04-29 21:12:57+00,recovery,,,6,,,
2026-04-29 21:12:58+00,recovery,21,,,,,
2026-04-29 21:12:59+00,recovery,,,,,,
2026-04-29 21:13:00+00,recovery,,,,0,,
2026-04-29 21:13:01+00,recovery,,,,,0.005047,
2026-04-29 21:13:02+00,recovery,,,7,,,
2026-04-29 21:13:03+00,recovery,17,,,,,
2026-04-29 21:13:04+00,recovery,,,,,,
2026-04-29 21:13:05+00,recovery,,0.760793,,0,,0.014130100000000001
2026-04-29 21:13:06+00,recovery,,,,,,
2026-04-29 21:13:07+00,recovery,,,6,,,
2026-04-29 21:13:08+00,recovery,13,,,,,
2026-04-29 21:13:09+00,recovery,,,,,,
2026-04-29 21:13:10+00,recovery,,,,0,,
2026-04-29 21:13:11+00,recovery,,,,,0.007074,
2026-04-29 21:13:12+00,recovery,,,7,,,
2026-04-29 21:13:13+00,recovery,16,,,,,
2026-04-29 21:13:14+00,recovery,,,,,,
2026-04-29 21:13:15+00,recovery,,0.744681,,0,,0.0138355
2026-04-29 21:13:16+00,recovery,,,,,,
2026-04-29 21:13:17+00,recovery,,,6,,,
2026-04-29 21:13:18+00,recovery,15,,,,,
2026-04-29 21:13:19+00,recovery,,,,,,
2026-04-29 21:13:20+00,recovery,,,,0,,
2026-04-29 21:13:21+00,recovery,,,,,0.007642,
2026-04-29 21:13:23+00,recovery,17,,7,,,
2026-04-29 21:13:24+00,recovery,,,,,,
2026-04-29 21:13:25+00,recovery,,0.744813,,0,,0.014649100000000002
2026-04-29 21:13:26+00,recovery,,,,,,
2026-04-29 21:13:27+00,recovery,,,6,,,
2026-04-29 21:13:28+00,recovery,18,,,,,
2026-04-29 21:13:29+00,recovery,,,,,,
2026-04-29 21:13:30+00,recovery,,,,0,,
2026-04-29 21:13:31+00,recovery,,,,,0.009315,
2026-04-29 21:13:32+00,recovery,,,7,,,
2026-04-29 21:13:33+00,recovery,17,,,,,
2026-04-29 21:13:34+00,recovery,,,,,,
2026-04-29 21:13:35+00,recovery,,0.762817,,0,,0.0149837
2026-04-29 21:13:36+00,recovery,,,,,,
2026-04-29 21:13:37+00,recovery,,,6,,,
2026-04-29 21:13:38+00,recovery,16,,,,,
2026-04-29 21:13:40+00,recovery,,,,0,,
2026-04-29 21:13:41+00,recovery,,,,,,
2026-04-29 21:13:42+00,recovery,,,7,,0.018555,
2026-04-29 21:13:43+00,recovery,18,,,,,
2026-04-29 21:13:44+00,recovery,,,,,,
2026-04-29 21:13:45+00,recovery,,0.747331,,0,,0.020998499999999996
2026-04-29 21:13:46+00,recovery,,,,,,
2026-04-29 21:13:47+00,recovery,,,6,,,
2026-04-29 21:13:48+00,recovery,17,,,,,
2026-04-29 21:13:49+00,recovery,,,,,,
2026-04-29 21:13:50+00,recovery,,,,0,,
2026-04-29 21:13:51+00,recovery,,,,,0.007441,
2026-04-29 21:13:52+00,recovery,,,7,,,
2026-04-29 21:13:53+00,recovery,19,,,,,
2026-04-29 21:13:54+00,recovery,,,,,,
2026-04-29 21:13:55+00,recovery,,0.746401,,0,,0.0194757
2026-04-29 21:13:56+00,recovery,,,,,,
2026-04-29 21:13:57+00,recovery,,,6,,,
2026-04-29 21:13:58+00,recovery,20,,,,,
2026-04-29 21:13:59+00,recovery,,,,,,
2026-04-29 21:14:00+00,recovery,,,,0,,
2026-04-29 21:14:01+00,recovery,,,,,0.008184,
2026-04-29 21:14:02+00,recovery,,,7,,,
2026-04-29 21:14:03+00,recovery,17,,,,,
2026-04-29 21:14:04+00,recovery,,,,,,
2026-04-29 21:14:05+00,recovery,,0.746269,,0,,0.018224300000000002
2026-04-29 21:14:06+00,recovery,,,,,,
2026-04-29 21:14:08+00,recovery,14,,6,,,
2026-04-29 21:14:09+00,recovery,,,,,,
2026-04-29 21:14:10+00,recovery,,,,0,,
2026-04-29 21:14:11+00,recovery,,,,,0.017173,
2026-04-29 21:14:12+00,recovery,,,7,,,
2026-04-29 21:14:13+00,recovery,14,,,,,
2026-04-29 21:14:14+00,recovery,,,,,,
2026-04-29 21:14:15+00,recovery,,0.746667,,0,,0.0179221
2026-04-29 21:14:16+00,recovery,,,,,,
2026-04-29 21:14:17+00,recovery,,,6,,,
2026-04-29 21:14:18+00,recovery,15,,,,,
2026-04-29 21:14:20+00,recovery,,,,0,,
2026-04-29 21:14:21+00,recovery,,,,,,
2026-04-29 21:14:22+00,recovery,,,7,,0.017343,
2026-04-29 21:14:23+00,recovery,19,,,,,
2026-04-29 21:14:24+00,recovery,,,,,,
2026-04-29 21:14:25+00,recovery,,0.802998,,0,,0.0214561
2026-04-29 21:14:26+00,recovery,,,,,,
2026-04-29 21:14:27+00,recovery,,,6,,,
2026-04-29 21:14:28+00,recovery,18,,,,,
2026-04-29 21:14:29+00,recovery,,,,,,
2026-04-29 21:14:30+00,recovery,,,,0,,
2026-04-29 21:14:31+00,recovery,,,,,0.004803,
2026-04-29 21:14:32+00,recovery,,,7,,,
2026-04-29 21:14:33+00,recovery,19,,,,,
2026-04-29 21:14:34+00,recovery,,,,,,
2026-04-29 21:14:35+00,recovery,,0.819526,,0,,0.0189481
2026-04-29 21:14:36+00,recovery,,,,,,
2026-04-29 21:14:37+00,recovery,,,6,,,
2026-04-29 21:14:38+00,recovery,17,,,,,
2026-04-29 21:14:39+00,recovery,,,,,,
2026-04-29 21:14:40+00,recovery,,,,0,,
2026-04-29 21:14:41+00,recovery,,,,,0.004269,
2026-04-29 21:14:42+00,recovery,,,7,,,
2026-04-29 21:14:43+00,recovery,19,,,,,
2026-04-29 21:14:44+00,recovery,,,,,,
2026-04-29 21:14:45+00,recovery,,0.835704,,0,,0.0309018
2026-04-29 21:14:46+00,recovery,,,,,,
2026-04-29 21:14:47+00,recovery,,,6,,,
2026-04-29 21:14:48+00,recovery,17,,,,,
2026-04-29 21:14:49+00,recovery,,,,,,
2026-04-29 21:14:50+00,recovery,,,,0,,
2026-04-29 21:14:51+00,recovery,,,,,0.006755,
2026-04-29 21:14:52+00,recovery,,,7,,,
2026-04-29 21:14:53+00,recovery,20,,,,,
2026-04-29 21:14:54+00,recovery,,,,,,
2026-04-29 21:14:55+00,recovery,,0.816761,,0,,0.032098999999999996
2026-04-29 21:14:56+00,recovery,,,,,,
2026-04-29 21:14:57+00,recovery,,,6,,,
2026-04-29 21:14:58+00,recovery,21,,,,,
2026-04-29 21:14:59+00,recovery,,,,,,
2026-04-29 21:15:00+00,recovery,,,,0,,
2026-04-29 21:15:01+00,recovery,,,,,0.00368,
2026-04-29 21:15:02+00,recovery,,,7,,,
2026-04-29 21:15:03+00,recovery,15,,,,,
2026-04-29 21:15:04+00,recovery,,,,,,
2026-04-29 21:15:05+00,recovery,,0.797166,,0,,0.027984
2026-04-29 21:15:06+00,recovery,,,,,,
2026-04-29 21:15:07+00,recovery,,,6,,,
2026-04-29 21:15:08+00,recovery,15,,,,,
2026-04-29 21:15:09+00,recovery,,,,,,
2026-04-29 21:15:10+00,recovery,,,,0,,
2026-04-29 21:15:11+00,recovery,,,,,0.082027,
2026-04-29 21:15:12+00,recovery,,,7,,,
2026-04-29 21:15:13+00,recovery,15,,,,,
2026-04-29 21:15:14+00,recovery,,,,,,
2026-04-29 21:15:15+00,recovery,,0.795756,,0,,0.043653399999999995
2026-04-29 21:15:16+00,recovery,,,,,,
2026-04-29 21:15:17+00,recovery,,,6,,,
2026-04-29 21:15:18+00,recovery,16,,,,,
2026-04-29 21:15:19+00,recovery,,,,,,
2026-04-29 21:15:20+00,recovery,,,,0,,
2026-04-29 21:15:21+00,recovery,,,,,,
2026-04-29 21:15:22+00,recovery,,,7,,0.0093,
2026-04-29 21:15:23+00,recovery,18,,,,,
2026-04-29 21:15:24+00,recovery,,,,,,
2026-04-29 21:15:25+00,recovery,,0.740219,,0,,0.031208
2026-04-29 21:15:26+00,recovery,,,,,,
2026-04-29 21:15:27+00,recovery,,,6,,,
2026-04-29 21:15:28+00,recovery,19,,,,,
2026-04-29 21:15:29+00,recovery,,,,,,
2026-04-29 21:15:30+00,recovery,,,,0,,
2026-04-29 21:15:31+00,recovery,,,,,0.007657,
2026-04-29 21:15:32+00,recovery,,,7,,,
2026-04-29 21:15:33+00,recovery,19,,,,,
2026-04-29 21:15:34+00,recovery,,,,,,
2026-04-29 21:15:35+00,recovery,,0.669486,,0,,0.0315794
2026-04-29 21:15:36+00,recovery,,,,,,
2026-04-29 21:15:37+00,recovery,,,6,,,
2026-04-29 21:15:38+00,recovery,16,,,,,
2026-04-29 21:15:39+00,recovery,,,,,,
2026-04-29 21:15:40+00,recovery,,,,0,,
2026-04-29 21:15:41+00,recovery,,,,,0.006555,
2026-04-29 21:15:43+00,recovery,20,,7,,,
2026-04-29 21:15:44+00,recovery,,,,,,
2026-04-29 21:15:45+00,recovery,,0.615655,,0,,0.021268
2026-04-29 21:15:46+00,recovery,,,,,,
2026-04-29 21:15:47+00,recovery,,,6,,,
2026-04-29 21:15:48+00,recovery,18,,,,,
2026-04-29 21:15:49+00,recovery,,,,,,
2026-04-29 21:15:50+00,recovery,,,,0,,
2026-04-29 21:15:51+00,recovery,,,,,0.058469,
2026-04-29 21:15:52+00,recovery,,,7,,,
2026-04-29 21:15:53+00,recovery,22,,,,,
2026-04-29 21:15:54+00,recovery,,,,,,
2026-04-29 21:15:55+00,recovery,,0.633023,,0,,0.033050800000000005
2026-04-29 21:15:56+00,recovery,,,,,,
2026-04-29 21:15:57+00,recovery,,,6,,,
2026-04-29 21:15:58+00,recovery,22,,,,,
2026-04-29 21:15:59+00,recovery,,,,,,
2026-04-29 21:16:00+00,recovery,,,,0,,
2026-04-29 21:16:01+00,recovery,,,,,0.009493,
2026-04-29 21:16:02+00,recovery,,,7,,,
2026-04-29 21:16:03+00,recovery,17,,,,,
2026-04-29 21:16:04+00,recovery,,,,,,
2026-04-29 21:16:05+00,recovery,,0.634473,,0,,0.0197556
2026-04-29 21:16:06+00,recovery,,,,,,
2026-04-29 21:16:07+00,recovery,,,6,,,
2026-04-29 21:16:08+00,recovery,13,,,,,
2026-04-29 21:16:09+00,recovery,,,,,,
2026-04-29 21:16:10+00,recovery,,,,0,,
2026-04-29 21:16:11+00,recovery,,,,,0.006796,
2026-04-29 21:16:12+00,recovery,,,7,,,
2026-04-29 21:16:13+00,recovery,15,,,,,
2026-04-29 21:16:14+00,recovery,,,,,,
2026-04-29 21:16:15+00,recovery,,0.617611,,0,,0.0178162
2026-04-29 21:16:16+00,recovery,,,,,,
2026-04-29 21:16:17+00,recovery,,,6,,,
2026-04-29 21:16:18+00,recovery,14,,,,,
2026-04-29 21:16:19+00,recovery,,,,,,
2026-04-29 21:16:20+00,recovery,,,,0,,
2026-04-29 21:16:21+00,recovery,,,,,0.006659,
2026-04-29 21:16:22+00,recovery,,,7,,,
2026-04-29 21:16:23+00,recovery,16,,,,,
2026-04-29 21:16:24+00,recovery,,,,,,
2026-04-29 21:16:25+00,recovery,,0.617502,,0,,0.0184888
2026-04-29 21:16:26+00,recovery,,,,,,
2026-04-29 21:16:27+00,recovery,,,6,,,
2026-04-29 21:16:28+00,recovery,19,,,,,
2026-04-29 21:16:29+00,recovery,,,,,,
2026-04-29 21:16:30+00,recovery,,,,0,,
2026-04-29 21:16:31+00,recovery,,,,,0.01433,
2026-04-29 21:16:32+00,recovery,,,7,,,
2026-04-29 21:16:33+00,recovery,18,,,,,
2026-04-29 21:16:34+00,recovery,,,,,,
2026-04-29 21:16:35+00,recovery,,0.618484,,0,,0.021422999999999998
2026-04-29 21:16:36+00,recovery,,,,,,
2026-04-29 21:16:37+00,recovery,,,6,,,
2026-04-29 21:16:38+00,recovery,15,,,,,
2026-04-29 21:16:39+00,recovery,,,,,,
2026-04-29 21:16:40+00,recovery,,,,0,,
2026-04-29 21:16:41+00,recovery,,,,,0.010535,
2026-04-29 21:16:42+00,recovery,,,7,,,
2026-04-29 21:16:43+00,recovery,18,,,,,
2026-04-29 21:16:45+00,recovery,,0.654057,,0,,0.0208593
2026-04-29 21:16:46+00,recovery,,,,,,
2026-04-29 21:16:47+00,recovery,,,6,,,
2026-04-29 21:16:48+00,recovery,18,,,,,
2026-04-29 21:16:49+00,recovery,,,,,,
2026-04-29 21:16:50+00,recovery,,,,0,,
2026-04-29 21:16:51+00,recovery,,,,,0.009822,
2026-04-29 21:16:52+00,recovery,,,7,,,
2026-04-29 21:16:53+00,recovery,18,,,,,
2026-04-29 21:16:54+00,recovery,,,,,,
2026-04-29 21:16:55+00,recovery,,0.671615,,0,,0.020716699999999998
2026-04-29 21:16:56+00,recovery,,,,,,
2026-04-29 21:16:57+00,recovery,,,6,,,
2026-04-29 21:16:58+00,recovery,23,,,,,
2026-04-29 21:17:00+00,recovery,,,,0,,
2026-04-29 21:17:01+00,recovery,,,,,0.006025,
2026-04-29 21:17:02+00,recovery,,,6,,,
2026-04-29 21:17:03+00,recovery,17,,,,,
2026-04-29 21:17:04+00,recovery,,,,,,
2026-04-29 21:17:05+00,recovery,,0.670667,,0,,0.0192573
2026-04-29 21:17:06+00,recovery,,,,,,
2026-04-29 21:17:07+00,recovery,,,6,,,
2026-04-29 21:17:08+00,recovery,14,,,,,
2026-04-29 21:17:09+00,recovery,,,,,,
2026-04-29 21:17:10+00,recovery,,,,0,,
2026-04-29 21:17:11+00,recovery,,,,,0.018187,
2026-04-29 21:17:12+00,recovery,,,7,,,
2026-04-29 21:17:13+00,recovery,16,,,,,
2026-04-29 21:17:14+00,recovery,,,,,,
2026-04-29 21:17:15+00,recovery,,0.686499,,0,,0.0209897
2026-04-29 21:17:16+00,recovery,,,,,,
2026-04-29 21:17:18+00,recovery,18,,6,,,
2026-04-29 21:17:19+00,recovery,,,,,,
2026-04-29 21:17:20+00,recovery,,,,0,,
2026-04-29 21:17:21+00,recovery,,,,,0.007193,
2026-04-29 21:17:22+00,recovery,,,7,,,
2026-04-29 21:17:23+00,recovery,16,,,,,
2026-04-29 21:17:24+00,recovery,,,,,,
2026-04-29 21:17:25+00,recovery,,0.685895,,0,,0.0187909
2026-04-29 21:17:26+00,recovery,,,,,,
2026-04-29 21:17:27+00,recovery,,,6,,,
2026-04-29 21:17:28+00,recovery,19,,,,,
2026-04-29 21:17:29+00,recovery,,,,,,
2026-04-29 21:17:30+00,recovery,,,,0,,
2026-04-29 21:17:31+00,recovery,,,,,0.005108,
2026-04-29 21:17:32+00,recovery,,,7,,,
2026-04-29 21:17:33+00,recovery,20,,,,,
2026-04-29 21:17:34+00,recovery,,,,,,
2026-04-29 21:17:35+00,recovery,,0.899788,,0,,0.0211739
2026-04-29 21:17:36+00,recovery,,,,,,
2026-04-29 21:17:37+00,recovery,,,6,,,
2026-04-29 21:17:38+00,recovery,15,,,,,
2026-04-29 21:17:39+00,recovery,,,,,,
2026-04-29 21:17:40+00,recovery,,,,0,,
2026-04-29 21:17:41+00,recovery,,,,,0.007558,
2026-04-29 21:17:42+00,recovery,,,7,,,
2026-04-29 21:17:43+00,recovery,19,,,,,
2026-04-29 21:17:44+00,recovery,,,,,,
2026-04-29 21:17:45+00,recovery,,0.865419,,0,,0.021696399999999998
2026-04-29 21:17:46+00,recovery,,,,,,
2026-04-29 21:17:47+00,recovery,,,6,,,
2026-04-29 21:17:48+00,recovery,17,,,,,
2026-04-29 21:17:49+00,recovery,,,,,,
2026-04-29 21:17:50+00,recovery,,,,0,,
2026-04-29 21:17:51+00,recovery,,,,,0.005464,
2026-04-29 21:17:52+00,recovery,,,7,,,
2026-04-29 21:17:54+00,recovery,17,,,,,
2026-04-29 21:17:55+00,recovery,,0.847458,,0,,0.019877600000000002
2026-04-29 21:17:56+00,recovery,,,,,,
2026-04-29 21:17:57+00,recovery,,,6,,,
2026-04-29 21:17:58+00,recovery,22,,,,,
2026-04-29 21:17:59+00,recovery,,,,,,
2026-04-29 21:18:00+00,recovery,,,,0,,
2026-04-29 21:18:01+00,recovery,,,,,0.004987,
2026-04-29 21:18:02+00,recovery,,,7,,,
2026-04-29 21:18:03+00,recovery,18,,,,,
2026-04-29 21:18:04+00,recovery,,,,,,
2026-04-29 21:18:05+00,recovery,,0.847158,,0,,0.0204822
2026-04-29 21:18:06+00,recovery,,,,,,
2026-04-29 21:18:08+00,recovery,15,,6,,,
2026-04-29 21:18:09+00,recovery,,,,,,
2026-04-29 21:18:10+00,recovery,,,,0,,
2026-04-29 21:18:11+00,recovery,,,,,0.004699,
2026-04-29 21:18:12+00,recovery,,,7,,,
2026-04-29 21:18:13+00,recovery,15,,,,,
2026-04-29 21:18:14+00,recovery,,,,,,
2026-04-29 21:18:15+00,recovery,,0.848506,,0,,0.0183246
2026-04-29 21:18:16+00,recovery,,,,,,
2026-04-29 21:18:17+00,recovery,,,6,,,
2026-04-29 21:18:18+00,recovery,15,,,,,
2026-04-29 21:18:19+00,recovery,,,,,,
2026-04-29 21:18:21+00,recovery,,,,0,0.005895,
2026-04-29 21:18:22+00,recovery,,,7,,,
2026-04-29 21:18:23+00,recovery,17,,,,,
2026-04-29 21:18:24+00,recovery,,,,,,
2026-04-29 21:18:25+00,recovery,,0.849407,,0,,0.0199638
2026-04-29 21:18:26+00,recovery,,,,,,
2026-04-29 21:18:27+00,recovery,,,6,,,
2026-04-29 21:18:28+00,recovery,19,,,,,
2026-04-29 21:18:29+00,recovery,,,,,,
2026-04-29 21:18:30+00,recovery,,,,0,,
2026-04-29 21:18:31+00,recovery,,,,,0.006792,
2026-04-29 21:18:32+00,recovery,,,7,,,
2026-04-29 21:18:33+00,recovery,18,,,,,
2026-04-29 21:18:34+00,recovery,,,,,,
2026-04-29 21:18:35+00,recovery,,0.633691,,0,,0.0208432
2026-04-29 21:18:36+00,recovery,,,,,,
2026-04-29 21:18:37+00,recovery,,,6,,,
2026-04-29 21:18:38+00,recovery,16,,,,,
2026-04-29 21:18:39+00,recovery,,,,,,
2026-04-29 21:18:40+00,recovery,,,,0,,
2026-04-29 21:18:41+00,recovery,,,,,0.005995,
2026-04-29 21:18:42+00,recovery,,,7,,,
2026-04-29 21:18:43+00,recovery,19,,,,,
2026-04-29 21:18:44+00,recovery,,,,,,
2026-04-29 21:18:45+00,recovery,,0.615331,,0,,0.0167939
2026-04-29 21:18:46+00,recovery,,,,,,
2026-04-29 21:18:47+00,recovery,,,6,,,
2026-04-29 21:18:48+00,recovery,19,,,,,
2026-04-29 21:18:49+00,recovery,,,,,,
2026-04-29 21:18:50+00,recovery,,,,0,,
2026-04-29 21:18:51+00,recovery,,,,,0.011573,
2026-04-29 21:18:52+00,recovery,,,7,,,
2026-04-29 21:18:53+00,recovery,24,,,,,
2026-04-29 21:18:54+00,recovery,,,,,,
2026-04-29 21:18:55+00,recovery,,0.616849,,0,,0.021409499999999998
2026-04-29 21:18:56+00,recovery,,,,,,
2026-04-29 21:18:57+00,recovery,,,6,,,
2026-04-29 21:18:58+00,recovery,21,,,,,
2026-04-29 21:18:59+00,recovery,,,,,,
2026-04-29 21:19:01+00,recovery,,,,0,0.012881,
2026-04-29 21:19:03+00,recovery,18,,7,,,
2026-04-29 21:19:04+00,recovery,,,,,,
2026-04-29 21:19:05+00,recovery,,0.634249,,0,,0.0174711
2026-04-29 21:19:06+00,recovery,,,,,,
2026-04-29 21:19:07+00,recovery,,,6,,,
2026-04-29 21:19:08+00,recovery,14,,,,,
2026-04-29 21:19:09+00,recovery,,,,,,
2026-04-29 21:19:10+00,recovery,,,,0,,
2026-04-29 21:19:11+00,recovery,,,,,0.004573,
2026-04-29 21:19:12+00,recovery,,,7,,,
2026-04-29 21:19:13+00,recovery,16,,,,,
2026-04-29 21:19:14+00,recovery,,,,,,
2026-04-29 21:19:15+00,recovery,,0.634809,,0,,0.0144095
2026-04-29 21:19:16+00,recovery,,,,,,
2026-04-29 21:19:17+00,recovery,,,6,,,
2026-04-29 21:19:19+00,recovery,14,,,,,
2026-04-29 21:19:20+00,recovery,,,,0,,
2026-04-29 21:19:21+00,recovery,,,,,0.00443,
2026-04-29 21:19:22+00,recovery,,,7,,,
2026-04-29 21:19:23+00,recovery,18,,,,,
2026-04-29 21:19:24+00,recovery,,,,,,
2026-04-29 21:19:25+00,recovery,,0.652097,,0,,0.0157809
2026-04-29 21:19:26+00,recovery,,,,,,
2026-04-29 21:19:27+00,recovery,,,6,,,
2026-04-29 21:19:28+00,recovery,20,,,,,
2026-04-29 21:19:29+00,recovery,,,,,,
2026-04-29 21:19:30+00,recovery,,,,0,,
2026-04-29 21:19:31+00,recovery,,,,,0.005007,
2026-04-29 21:19:32+00,recovery,,,7,,,
2026-04-29 21:19:33+00,recovery,20,,,,,
2026-04-29 21:19:34+00,recovery,,,,,,
2026-04-29 21:19:35+00,recovery,,0.652442,,0,,0.017296299999999997
2026-04-29 21:19:36+00,recovery,,,,,,
2026-04-29 21:19:37+00,recovery,,,6,,,
2026-04-29 21:19:38+00,recovery,15,,,,,
2026-04-29 21:19:39+00,recovery,,,,,,
2026-04-29 21:19:40+00,recovery,,,,0,,
2026-04-29 21:19:41+00,recovery,,,,,0.006057,
2026-04-29 21:19:42+00,recovery,,,7,,,
2026-04-29 21:19:43+00,recovery,19,,,,,
2026-04-29 21:19:44+00,recovery,,,,,,
2026-04-29 21:19:46+00,recovery,,0.653364,,0,,
2026-04-29 21:19:47+00,recovery,,,6,,,
2026-04-29 21:19:48+00,recovery,16,,,,,
2026-04-29 21:19:49+00,recovery,,,,,,
2026-04-29 21:19:50+00,recovery,,,,0,,
2026-04-29 21:19:51+00,recovery,,,,,0.010822,
2026-04-29 21:19:52+00,recovery,,,7,,,
2026-04-29 21:19:53+00,recovery,20,,,,,
2026-04-29 21:19:55+00,recovery,,0.652672,,0,,0.016799199999999997
2026-04-29 21:19:56+00,recovery,,,,,,
2026-04-29 21:19:57+00,recovery,,,6,,,
2026-04-29 21:19:58+00,recovery,20,,,,,
2026-04-29 21:19:59+00,recovery,,,,,,
2026-04-29 21:20:00+00,recovery,,,,0,,
